code,dateTime,gustPeak,humidity,windSpeed,windDirection,qnhPressure,temperature,precipitation,sunshine,qfePressure,qffPressure
BER,2016-08-04T04:50:00.000Z,4.0,90,2.5,223,1016.6,13.6,0.0,0,951.6,1015.9
BER,2016-08-04T05:50:00.000Z,5.0,88,3.6,232,1016.5,15.2,0.0,10,951.5,1015.4
BER,2016-08-04T06:50:00.000Z,5.8,72,4.0,203,1016.6,18.7,0.0,10,951.6,1014.7
BER,2016-08-04T07:50:00.000Z,8.6,60,5.0,172,1016.3,21.0,0.0,10,951.3,1013.8
BER,2016-08-04T08:50:00.000Z,7.6,55,3.2,258,1016.2,22.3,0.0,10,951.2,1013.4
BER,2016-08-04T09:50:00.000Z,7.6,49,3.6,253,1015.7,24.0,0.0,10,950.7,1012.5
BER,2016-08-04T10:50:00.000Z,15.5,44,6.1,305,1014.8,25.5,0.0,10,949.9,1011.3
BER,2016-08-04T11:50:00.000Z,9.4,47,5.4,16,1013.8,26.5,0.0,10,948.9,1010.0
BER,2016-08-04T12:50:00.000Z,13.0,42,7.9,308,1013.3,26.4,0.0,0,948.4,1009.5
BER,2016-08-04T13:40:00.000Z,5.0,49,2.9,259,1012.7,25.2,0.0,0,947.9,1009.2
BER,2016-08-04T14:40:00.000Z,11.9,51,6.5,24,1012.2,24.7,0.0,0,947.4,1008.8
BER,2016-08-04T15:00:00.000Z,16.6,48,11.9,333,1012.3,24.8,0.0,0,947.5,1008.9
BER,2016-08-04T15:20:00.000Z,24.5,55,15.5,334,1012.6,23.9,0.0,0,947.8,1009.4
BER,2016-08-04T15:40:00.000Z,29.2,57,19.8,339,1012.8,22.9,0.0,0,948.0,1009.8
BER,2016-08-04T16:00:00.000Z,25.2,60,13.3,348,1012.6,22.4,0.0,0,947.8,1009.7
BER,2016-08-04T16:20:00.000Z,21.6,62,13.7,347,1012.8,21.9,0.0,0,948.0,1010.1
BER,2016-08-04T16:40:00.000Z,26.3,64,14.0,346,1013.0,21.6,0.0,0,948.2,1010.4
BER,2016-08-04T17:00:00.000Z,34.9,69,19.4,336,1013.8,20.6,0.0,0,948.9,1011.3
BER,2016-08-04T17:20:00.000Z,22.3,82,14.0,355,1013.9,18.5,0.3,0,949.0,1011.9
BER,2016-08-04T17:40:00.000Z,18.0,84,11.2,345,1014.9,17.9,0.4,0,950.0,1013.1
BER,2016-08-04T18:00:00.000Z,16.2,89,9.4,360,1015.0,17.1,0.9,0,950.1,1013.4
BER,2016-08-04T18:20:00.000Z,20.9,91,12.6,22,1014.9,16.5,0.3,0,950.0,1013.5
BER,2016-08-04T18:30:00.000Z,22.7,91,14.0,19,1015.3,16.1,0.4,0,950.3,1013.9
BER,2016-08-04T18:40:00.000Z,30.2,93,19.1,349,1015.6,15.9,2.3,0,950.6,1014.2
BER,2016-08-04T18:50:00.000Z,28.1,94,18.7,339,1015.8,15.7,2.3,0,950.8,1014.5
BER,2016-08-04T19:00:00.000Z,29.2,93,16.9,348,1015.8,15.5,0.8,0,950.8,1014.6
BER,2016-08-04T19:10:00.000Z,22.0,93,13.0,343,1016.3,15.5,0.0,0,951.3,1015.1
BER,2016-08-04T19:20:00.000Z,15.5,93,10.4,353,1016.6,15.4,2.1,0,951.6,1015.4
BER,2016-08-04T19:30:00.000Z,12.2,94,6.8,21,1016.7,15.3,0.9,0,951.7,1015.6
BER,2016-08-04T19:40:00.000Z,7.9,93,4.0,48,1016.6,15.2,0.7,0,951.6,1015.5
BER,2016-08-04T19:50:00.000Z,4.7,94,2.2,85,1016.6,15.3,0.5,0,951.6,1015.5
BER,2016-08-04T20:00:00.000Z,4.7,93,3.2,160,1016.7,15.5,0.5,0,951.7,1015.5
BER,2016-08-04T20:10:00.000Z,6.5,93,4.3,163,1016.8,15.5,0.6,0,951.8,1015.6
BER,2016-08-04T20:20:00.000Z,10.1,94,6.1,167,1016.7,15.5,0.3,0,951.7,1015.5
BER,2016-08-04T20:30:00.000Z,14.8,94,9.0,163,1016.6,15.6,0.5,0,951.6,1015.4
BER,2016-08-04T20:40:00.000Z,13.7,93,9.0,167,1016.5,15.6,0.6,0,951.5,1015.3
BER,2016-08-04T20:50:00.000Z,14.0,92,9.4,174,1016.6,15.8,0.3,0,951.6,1015.3
BER,2016-08-04T21:00:00.000Z,11.5,92,8.3,164,1016.7,15.7,0.5,0,951.7,1015.5
BER,2016-08-04T21:10:00.000Z,13.0,91,7.9,154,1016.5,15.8,0.5,0,951.5,1015.2
BER,2016-08-04T21:20:00.000Z,10.1,91,6.1,175,1016.5,15.8,0.6,0,951.5,1015.2
BER,2016-08-04T21:40:00.000Z,3.2,95,1.8,281,1016.6,15.6,0.2,0,951.6,1015.4
BER,2016-08-04T21:40:00.000Z,3.2,95,1.8,281,1016.6,15.6,0.2,0,951.6,1015.4
BER,2016-08-04T22:00:00.000Z,3.2,94,1.1,192,1016.4,15.6,0.0,0,951.4,1015.2
BER,2016-08-04T22:00:00.000Z,3.2,94,1.1,192,1016.4,15.6,0.0,0,951.4,1015.2
BER,2016-08-04T22:20:00.000Z,3.6,93,1.8,228,1016.6,15.6,0.1,0,951.6,1015.4
BER,2016-08-04T22:20:00.000Z,3.6,93,1.8,228,1016.6,15.6,0.1,0,951.6,1015.4
BER,2016-08-04T22:40:00.000Z,4.0,94,1.8,164,1016.7,15.7,0.0,0,951.7,1015.5
BER,2016-08-04T22:50:00.000Z,5.8,92,2.9,196,1016.7,15.8,0.1,0,951.7,1015.4
BER,2016-08-04T23:00:00.000Z,4.7,93,3.2,160,1016.7,15.7,0.0,0,951.7,1015.5
BER,2016-08-04T23:00:00.000Z,4.7,93,3.2,160,1016.7,15.7,0.0,0,951.7,1015.5
BER,2016-08-04T23:20:00.000Z,6.8,94,3.6,204,1016.7,15.8,0.1,0,951.7,1015.4
BER,2016-08-04T23:30:00.000Z,8.3,94,4.3,197,1016.6,15.7,0.1,0,951.6,1015.4
BER,2016-08-04T23:40:00.000Z,7.9,95,4.7,205,1016.6,15.7,0.4,0,951.6,1015.4
BER,2016-08-04T23:50:00.000Z,8.6,94,4.3,225,1016.5,15.5,0.4,0,951.5,1015.3
BER,2016-08-05T00:00:00.000Z,13.3,94,6.5,209,1016.7,15.6,0.2,0,951.7,1015.5
BER,2016-08-05T00:10:00.000Z,8.3,95,4.3,214,1016.8,15.6,0.4,0,951.8,1015.6
BER,2016-08-05T00:20:00.000Z,11.2,95,6.5,237,1016.9,15.4,0.8,0,951.9,1015.8
BER,2016-08-05T00:30:00.000Z,14.4,94,7.6,233,1017.0,15.3,0.6,0,952.0,1015.9
BER,2016-08-05T00:40:00.000Z,11.9,94,5.8,222,1016.9,15.2,0.5,0,951.9,1015.8
BER,2016-08-05T00:50:00.000Z,7.2,94,3.6,258,1016.9,15.1,0.4,0,951.9,1015.8
BER,2016-08-05T01:00:00.000Z,6.5,93,2.9,276,1016.9,15.1,0.1,0,951.9,1015.8
BER,2016-08-05T01:10:00.000Z,3.2,94,2.5,236,1017.0,15.2,0.2,0,952.0,1015.9
BER,2016-08-05T01:20:00.000Z,8.6,95,4.0,213,1017.0,15.1,0.0,0,952.0,1015.9
BER,2016-08-05T01:30:00.000Z,14.0,93,7.6,249,1017.2,14.9,0.1,0,952.1,1016.1
BER,2016-08-05T01:40:00.000Z,11.5,94,7.6,242,1017.2,14.6,0.3,0,952.1,1016.2
BER,2016-08-05T01:50:00.000Z,14.4,94,8.6,223,1017.0,14.4,0.2,0,952.0,1016.1
BER,2016-08-05T02:00:00.000Z,13.0,94,6.8,218,1017.0,14.3,0.2,0,952.0,1016.1
BER,2016-08-05T02:10:00.000Z,10.4,93,5.4,202,1016.9,14.3,0.3,0,951.9,1016.0
BER,2016-08-05T02:20:00.000Z,8.6,94,4.3,209,1017.0,14.1,0.5,0,952.0,1016.2
BER,2016-08-05T02:30:00.000Z,11.2,93,4.3,213,1017.2,14.0,0.3,0,952.1,1016.3
BER,2016-08-05T02:40:00.000Z,9.0,92,4.3,237,1017.3,13.9,0.1,0,952.2,1016.4
BER,2016-08-05T02:50:00.000Z,6.8,92,4.7,243,1017.4,13.9,0.0,0,952.3,1016.5
BER,2016-08-05T03:00:00.000Z,11.2,92,4.0,236,1017.6,13.9,0.0,0,952.5,1016.8
BER,2016-08-05T03:10:00.000Z,11.2,91,4.3,298,1017.8,13.9,0.0,0,952.7,1017.0
BER,2016-08-05T03:10:00.000Z,11.2,91,4.3,298,1017.8,13.9,0.0,0,952.7,1017.0
BER,2016-08-05T03:20:00.000Z,5.4,91,1.4,266,1018.0,13.8,0.0,0,952.9,1017.2
BER,2016-08-05T03:30:00.000Z,11.5,90,5.4,277,1018.0,13.7,0.0,0,952.9,1017.2
BER,2016-08-05T03:40:00.000Z,9.7,92,5.4,252,1018.0,13.6,0.0,0,952.9,1017.3
BER,2016-08-05T03:50:00.000Z,7.6,91,3.2,237,1018.0,13.6,0.0,0,952.9,1017.3
BER,2016-08-05T04:00:00.000Z,3.6,92,1.8,244,1018.1,13.6,0.0,0,953.0,1017.4
BER,2016-08-05T04:10:00.000Z,2.9,91,1.1,214,1018.2,13.6,0.0,0,953.1,1017.5
BER,2016-08-05T04:20:00.000Z,4.3,92,2.9,176,1018.4,13.6,0.0,0,953.3,1017.7
BER,2016-08-05T04:30:00.000Z,5.0,93,2.5,150,1018.4,13.7,0.0,0,953.3,1017.7
BER,2016-08-05T04:40:00.000Z,5.0,93,3.2,190,1018.5,13.6,0.0,0,953.4,1017.8
BER,2016-08-05T04:50:00.000Z,4.0,93,2.5,212,1018.6,13.6,0.0,0,953.5,1017.9
BER,2016-08-05T05:00:00.000Z,4.0,93,2.2,215,1018.7,13.6,0.0,0,953.6,1018.0
BER,2016-08-05T05:10:00.000Z,4.0,93,1.4,161,1018.8,13.5,0.0,0,953.7,1018.1
BER,2016-08-05T05:20:00.000Z,5.4,94,3.2,108,1018.9,13.5,0.0,0,953.8,1018.2
BER,2016-08-05T05:30:00.000Z,5.8,91,3.2,121,1019.1,13.6,0.0,0,953.9,1018.3
BER,2016-08-05T05:40:00.000Z,7.2,95,4.3,238,1019.4,13.6,0.0,0,954.2,1018.6
BER,2016-08-05T05:50:00.000Z,6.5,96,3.6,255,1019.6,13.5,0.0,0,954.4,1018.9
BER,2016-08-05T06:00:00.000Z,4.7,91,1.8,262,1019.8,13.5,0.0,0,954.6,1019.1
BER,2016-08-05T06:10:00.000Z,5.0,90,2.2,284,1020.1,13.6,0.0,0,954.9,1019.4
BER,2016-08-05T06:20:00.000Z,4.7,84,2.5,268,1020.2,13.9,0.0,0,955.0,1019.4
BER,2016-08-05T06:30:00.000Z,5.8,89,2.5,23,1020.3,14.1,0.0,0,955.1,1019.5
BER,2016-08-05T06:40:00.000Z,6.1,88,3.6,45,1020.4,13.8,0.0,0,955.2,1019.7
BER,2016-08-05T06:50:00.000Z,5.0,81,2.9,46,1020.7,13.8,0.0,0,955.5,1020.0
BER,2016-08-05T07:00:00.000Z,4.0,82,2.5,37,1020.8,13.9,0.0,0,955.6,1020.1
BER,2016-08-05T07:10:00.000Z,5.4,80,1.8,17,1021.1,14.0,0.0,0,955.8,1020.3
BER,2016-08-05T07:20:00.000Z,0.7,84,0.0,0,1020.8,14.6,0.0,0,955.6,1019.9
BER,2016-08-05T07:30:00.000Z,8.3,80,1.4,182,1020.8,14.6,0.0,0,955.6,1019.9
BER,2016-08-05T07:40:00.000Z,8.6,79,5.4,224,1020.7,15.1,0.0,5,955.5,1019.7
BER,2016-08-05T07:50:00.000Z,9.4,78,5.8,204,1020.7,15.3,0.0,5,955.5,1019.6
BER,2016-08-05T08:00:00.000Z,8.3,78,4.3,174,1020.8,15.5,0.0,0,955.6,1019.7
BER,2016-08-05T08:10:00.000Z,6.5,77,4.0,194,1021.0,15.5,0.0,0,955.7,1019.8
BER,2016-08-05T08:20:00.000Z,10.1,76,5.0,260,1021.0,16.0,0.0,1,955.7,1019.7
BER,2016-08-05T08:30:00.000Z,11.9,77,7.2,252,1020.8,15.3,0.0,3,955.6,1019.7
BER,2016-08-05T08:40:00.000Z,8.3,74,4.0,230,1021.0,16.2,0.0,10,955.7,1019.6
BER,2016-08-05T08:50:00.000Z,6.5,70,2.5,202,1021.1,16.5,0.0,6,955.8,1019.7
BER,2016-08-05T09:00:00.000Z,6.8,68,4.0,226,1021.1,16.3,0.0,0,955.8,1019.7
BER,2016-08-05T09:10:00.000Z,9.4,66,5.0,214,1021.3,15.8,0.0,0,956.0,1020.0
BER,2016-08-05T09:20:00.000Z,7.6,70,4.3,210,1021.6,15.6,0.0,0,956.3,1020.4
BER,2016-08-05T09:30:00.000Z,6.1,64,2.2,208,1021.8,15.6,0.0,0,956.5,1020.6
BER,2016-08-05T09:40:00.000Z,4.7,83,2.9,102,1022.0,14.8,0.0,0,956.7,1021.0
BER,2016-08-05T09:50:00.000Z,5.0,78,2.9,85,1022.1,15.5,0.0,0,956.8,1021.0
BER,2016-08-05T10:00:00.000Z,5.8,68,3.6,73,1022.2,16.0,0.0,0,956.9,1020.9
BER,2016-08-05T10:10:00.000Z,5.4,71,3.6,67,1022.2,15.9,0.0,0,956.9,1021.0
BER,2016-08-05T10:20:00.000Z,7.6,77,4.0,48,1022.3,15.6,0.0,0,957.0,1021.1
BER,2016-08-05T10:30:00.000Z,6.1,81,4.0,19,1022.3,15.1,0.2,0,957.0,1021.3
BER,2016-08-05T10:40:00.000Z,5.8,79,2.9,318,1022.3,15.5,0.2,0,957.0,1021.2
BER,2016-08-05T10:50:00.000Z,9.4,78,3.2,266,1022.2,15.2,0.0,0,956.9,1021.1
BER,2016-08-05T11:00:00.000Z,15.5,82,9.7,231,1022.3,15.3,0.0,0,957.0,1021.2
BER,2016-08-05T11:10:00.000Z,9.7,84,6.8,231,1022.3,15.7,0.0,0,957.0,1021.1
BER,2016-08-05T11:20:00.000Z,11.9,84,7.6,233,1022.3,15.4,0.0,0,957.0,1021.2
BER,2016-08-05T11:30:00.000Z,10.1,79,6.8,221,1022.4,15.2,0.0,0,957.1,1021.4
BER,2016-08-05T11:40:00.000Z,9.4,79,4.7,229,1022.4,15.4,0.0,0,957.1,1021.3
BER,2016-08-05T11:50:00.000Z,7.6,77,3.2,242,1022.5,15.7,0.0,0,957.2,1021.3
BER,2016-08-05T12:00:00.000Z,7.2,75,4.3,230,1022.5,16.6,0.0,3,957.2,1021.1
BER,2016-08-05T12:10:00.000Z,8.6,73,4.0,204,1022.4,16.2,0.0,0,957.1,1021.1
BER,2016-08-05T12:20:00.000Z,7.9,73,4.7,250,1022.4,16.3,0.0,0,957.1,1021.1
BER,2016-08-05T12:30:00.000Z,9.4,76,5.8,249,1022.5,16.5,0.0,1,957.2,1021.1
BER,2016-08-05T12:40:00.000Z,10.8,71,5.4,238,1022.6,16.0,0.0,0,957.3,1021.4
BER,2016-08-05T12:50:00.000Z,7.9,70,5.4,254,1022.6,16.6,0.0,0,957.3,1021.2
BER,2016-08-05T13:00:00.000Z,7.6,69,5.0,242,1022.7,16.6,0.0,0,957.4,1021.3
BER,2016-08-05T13:10:00.000Z,5.0,62,2.9,267,1022.7,16.3,0.0,1,957.4,1021.4
BER,2016-08-05T13:20:00.000Z,3.2,67,1.4,321,1023.0,16.0,0.0,0,957.6,1021.7
BER,2016-08-05T13:30:00.000Z,29.9,87,13.0,322,1023.3,14.4,0.6,0,957.9,1022.4
BER,2016-08-05T13:40:00.000Z,23.4,87,11.2,302,1023.5,13.7,1.4,0,958.1,1022.8
BER,2016-08-05T13:50:00.000Z,5.8,89,1.4,331,1023.4,14.0,0.6,0,958.0,1022.6
BER,2016-08-05T14:00:00.000Z,6.1,85,4.0,98,1023.5,14.1,0.1,0,958.1,1022.7
BER,2016-08-05T14:10:00.000Z,7.6,85,4.3,150,1023.5,14.4,0.0,0,958.1,1022.6
BER,2016-08-05T14:20:00.000Z,6.8,84,4.0,163,1023.6,14.6,0.0,0,958.2,1022.7
BER,2016-08-05T14:30:00.000Z,6.5,85,4.3,179,1023.7,14.9,0.0,0,958.3,1022.7
BER,2016-08-05T14:40:00.000Z,7.6,84,5.0,164,1023.7,14.8,0.0,1,958.3,1022.7
BER,2016-08-05T14:50:00.000Z,11.5,83,6.1,146,1023.6,15.8,0.0,8,958.2,1022.4
BER,2016-08-05T15:00:00.000Z,13.7,83,8.3,138,1023.6,15.9,0.0,7,958.2,1022.4
BER,2016-08-05T15:10:00.000Z,10.4,77,6.1,145,1023.6,15.8,0.0,2,958.2,1022.4
BER,2016-08-05T15:20:00.000Z,9.7,82,6.5,141,1023.7,15.8,0.0,0,958.3,1022.5
BER,2016-08-05T15:30:00.000Z,11.2,78,7.2,141,1023.8,16.3,0.0,4,958.4,1022.5
BER,2016-08-05T15:40:00.000Z,13.3,76,9.0,142,1023.8,16.3,0.0,5,958.4,1022.5
BER,2016-08-05T15:50:00.000Z,14.4,78,9.4,135,1023.7,17.0,0.0,10,958.3,1022.2
BER,2016-08-05T16:00:00.000Z,16.2,73,10.8,152,1023.7,16.7,0.0,7,958.3,1022.3
BER,2016-08-05T16:10:00.000Z,19.1,74,12.6,142,1023.7,16.1,0.0,1,958.3,1022.4
BER,2016-08-05T16:20:00.000Z,15.1,82,9.7,130,1023.7,15.6,0.3,1,958.3,1022.5
BER,2016-08-05T16:30:00.000Z,14.4,87,9.7,133,1023.8,15.0,0.3,0,958.4,1022.8
BER,2016-08-05T16:40:00.000Z,11.5,85,5.8,132,1023.9,14.7,0.3,0,958.5,1023.0
BER,2016-08-05T16:50:00.000Z,13.0,86,7.2,136,1023.9,14.4,0.3,0,958.5,1023.0
BER,2016-08-05T17:00:00.000Z,10.8,87,6.1,131,1024.0,14.4,0.0,0,958.6,1023.1
BER,2016-08-05T17:10:00.000Z,8.3,88,5.8,171,1024.1,14.5,0.0,0,958.7,1023.2
BER,2016-08-05T17:20:00.000Z,9.7,87,6.1,191,1024.1,14.8,0.0,0,958.7,1023.2
BER,2016-08-05T17:30:00.000Z,6.8,88,4.3,172,1024.2,15.0,0.0,0,958.8,1023.2
BER,2016-08-05T17:40:00.000Z,9.7,86,5.4,158,1024.2,14.9,0.0,0,958.8,1023.2
BER,2016-08-05T17:50:00.000Z,11.5,86,7.9,156,1024.2,15.0,0.0,0,958.8,1023.2
BER,2016-08-05T18:00:00.000Z,10.1,87,6.1,163,1024.3,14.9,0.0,0,958.9,1023.3
BER,2016-08-05T18:10:00.000Z,9.4,87,5.4,136,1024.4,14.8,0.0,0,959.0,1023.5
BER,2016-08-05T18:30:00.000Z,12.2,87,6.8,151,1024.5,14.9,0.0,0,959.1,1023.6
BER,2016-08-05T18:30:00.000Z,12.2,87,6.8,151,1024.5,14.9,0.0,0,959.1,1023.6
BER,2016-08-05T18:40:00.000Z,10.8,88,6.5,159,1024.7,14.9,0.0,0,959.3,1023.8
BER,2016-08-05T19:00:00.000Z,11.2,87,7.2,168,1025.1,14.9,0.0,0,959.6,1024.1
BER,2016-08-05T19:00:00.000Z,11.2,87,7.2,168,1025.1,14.9,0.0,0,959.6,1024.1
BER,2016-08-05T19:20:00.000Z,12.2,89,8.6,162,1025.2,14.7,0.0,0,959.7,1024.2
BER,2016-08-05T19:30:00.000Z,11.9,89,7.2,138,1025.4,14.5,0.0,0,959.9,1024.5
BER,2016-08-05T19:40:00.000Z,12.2,88,8.3,152,1025.5,14.6,0.0,0,960.0,1024.6
BER,2016-08-05T19:50:00.000Z,10.1,85,6.1,170,1025.6,14.6,0.0,0,960.1,1024.7
BER,2016-08-05T20:00:00.000Z,8.3,86,5.8,165,1025.7,14.5,0.0,0,960.2,1024.8
BER,2016-08-05T20:00:00.000Z,8.3,86,5.8,165,1025.7,14.5,0.0,0,960.2,1024.8
BER,2016-08-05T20:20:00.000Z,10.1,87,6.5,155,1025.8,14.1,0.0,0,960.3,1025.0
BER,2016-08-05T20:30:00.000Z,11.2,87,7.2,163,1025.9,14.1,0.0,0,960.4,1025.1
BER,2016-08-05T20:40:00.000Z,10.4,87,7.2,147,1026.0,14.0,0.0,0,960.5,1025.3
BER,2016-08-05T20:50:00.000Z,14.8,86,6.5,149,1026.0,14.2,0.0,0,960.5,1025.2
BER,2016-08-05T21:00:00.000Z,15.1,86,8.6,154,1026.0,14.1,0.0,0,960.5,1025.2
BER,2016-08-05T21:10:00.000Z,13.0,87,7.9,167,1026.1,14.1,0.0,0,960.6,1025.4
BER,2016-08-05T21:20:00.000Z,11.9,87,7.9,177,1026.1,14.0,0.0,0,960.6,1025.4
BER,2016-08-05T21:30:00.000Z,11.5,88,8.3,164,1026.2,13.9,0.0,0,960.7,1025.5
BER,2016-08-05T21:40:00.000Z,10.4,89,6.8,169,1026.2,13.7,0.0,0,960.7,1025.6
BER,2016-08-05T22:00:00.000Z,10.1,89,6.5,157,1026.2,13.4,0.0,0,960.7,1025.6
BER,2016-08-05T22:10:00.000Z,11.5,88,6.5,172,1026.2,13.5,0.0,0,960.7,1025.6
BER,2016-08-05T22:20:00.000Z,9.4,91,6.1,178,1026.4,13.2,0.0,0,960.9,1025.9
BER,2016-08-05T22:30:00.000Z,10.1,90,6.1,170,1026.3,13.2,0.0,0,960.8,1025.8
BER,2016-08-05T22:40:00.000Z,10.8,90,5.4,177,1026.3,13.2,0.0,0,960.8,1025.8
BER,2016-08-05T22:50:00.000Z,7.9,92,4.3,171,1026.3,12.7,0.0,0,960.8,1025.9
BER,2016-08-05T23:00:00.000Z,8.6,88,5.0,170,1026.3,13.2,0.0,0,960.8,1025.8
BER,2016-08-05T23:10:00.000Z,8.3,93,5.4,168,1026.4,12.3,0.0,0,960.9,1026.1
BER,2016-08-05T23:20:00.000Z,9.0,89,5.8,171,1026.4,13.0,0.0,0,960.9,1025.9
BER,2016-08-05T23:30:00.000Z,9.0,91,5.4,173,1026.4,12.5,0.0,0,960.9,1026.1
BER,2016-08-05T23:40:00.000Z,7.6,92,5.4,188,1026.4,12.6,0.0,0,960.9,1026.0
BER,2016-08-05T23:50:00.000Z,6.5,93,3.2,191,1026.3,12.2,0.0,0,960.8,1026.0
BER,2016-08-05T23:50:00.000Z,6.5,93,3.2,191,1026.3,12.2,0.0,0,960.8,1026.0
BER,2016-08-06T00:00:00.000Z,6.8,94,4.7,205,1026.4,12.2,0.0,0,960.9,1026.1
BER,2016-08-06T00:10:00.000Z,5.4,94,3.6,209,1026.5,12.3,0.0,0,961.0,1026.2
BER,2016-08-06T00:20:00.000Z,7.2,93,4.3,196,1026.5,12.3,0.0,0,961.0,1026.2
BER,2016-08-06T00:30:00.000Z,9.4,93,6.1,181,1026.5,12.2,0.0,0,961.0,1026.2
BER,2016-08-06T00:40:00.000Z,10.1,93,5.8,178,1026.5,12.0,0.0,0,961.0,1026.3
BER,2016-08-06T00:50:00.000Z,9.0,92,5.4,182,1026.5,12.1,0.0,0,961.0,1026.3
BER,2016-08-06T01:00:00.000Z,6.1,96,3.6,198,1026.5,11.5,0.0,0,961.0,1026.4
BER,2016-08-06T01:10:00.000Z,8.3,96,4.0,205,1026.5,10.9,0.0,0,961.0,1026.6
BER,2016-08-06T01:20:00.000Z,7.2,95,4.3,206,1026.4,11.6,0.0,0,960.9,1026.3
BER,2016-08-06T01:30:00.000Z,5.8,97,3.6,203,1026.4,11.0,0.0,0,960.9,1026.4
BER,2016-08-06T01:40:00.000Z,6.8,96,3.2,202,1026.4,10.9,0.0,0,960.9,1026.5
BER,2016-08-06T01:50:00.000Z,5.8,96,3.2,214,1026.4,10.7,0.0,0,960.9,1026.5
BER,2016-08-06T02:00:00.000Z,4.7,98,2.9,223,1026.4,10.1,0.0,0,960.9,1026.7
BER,2016-08-06T02:10:00.000Z,2.2,96,0.7,165,1026.4,10.8,0.0,0,960.9,1026.5
BER,2016-08-06T02:20:00.000Z,4.7,97,2.9,213,1026.5,10.6,0.0,0,961.0,1026.6
BER,2016-08-06T02:30:00.000Z,4.7,98,3.2,236,1026.5,9.9,0.0,0,961.0,1026.8
BER,2016-08-06T02:40:00.000Z,4.7,98,3.2,235,1026.4,9.7,0.0,0,960.9,1026.8
BER,2016-08-06T02:50:00.000Z,4.0,96,1.8,189,1026.4,10.3,0.0,0,960.9,1026.6
BER,2016-08-06T03:00:00.000Z,1.8,97,0.7,197,1026.5,10.4,0.0,0,961.0,1026.7
BER,2016-08-06T03:10:00.000Z,2.9,98,1.1,221,1026.5,9.9,0.0,0,961.0,1026.8
BER,2016-08-06T03:20:00.000Z,2.9,98,1.8,236,1026.6,9.4,0.0,0,961.1,1027.0
BER,2016-08-06T03:30:00.000Z,2.5,96,1.4,195,1026.6,10.4,0.0,0,961.1,1026.8
BER,2016-08-06T03:40:00.000Z,3.6,96,2.2,224,1026.6,10.6,0.0,0,961.1,1026.7
BER,2016-08-06T03:50:00.000Z,4.7,96,3.6,231,1026.8,10.0,0.0,0,961.2,1027.0
BER,2016-08-06T04:00:00.000Z,4.0,97,1.8,213,1026.8,9.7,0.0,0,961.2,1027.1
BER,2016-08-06T04:10:00.000Z,1.4,96,0.4,231,1026.9,10.2,0.0,0,961.3,1027.1
BER,2016-08-06T04:20:00.000Z,1.8,97,0.4,214,1027.0,9.9,0.0,0,961.4,1027.2
BER,2016-08-06T04:30:00.000Z,2.5,97,1.4,272,1027.1,9.6,0.0,0,961.5,1027.4
BER,2016-08-06T04:40:00.000Z,1.1,96,0.4,259,1027.2,9.6,0.0,0,961.6,1027.5
BER,2016-08-06T04:50:00.000Z,1.8,97,1.1,114,1027.3,9.4,0.0,0,961.7,1027.7
BER,2016-08-06T05:00:00.000Z,1.1,96,0.0,0,1027.3,9.8,0.0,0,961.7,1027.6
BER,2016-08-06T05:10:00.000Z,1.1,96,0.4,142,1027.4,10.1,0.0,9,961.8,1027.6
BER,2016-08-06T05:20:00.000Z,1.1,96,0.4,175,1027.3,10.4,0.0,10,961.7,1027.4
BER,2016-08-06T05:30:00.000Z,0.7,95,0.0,0,1027.4,10.9,0.0,10,961.8,1027.4
BER,2016-08-06T05:40:00.000Z,2.9,94,0.7,135,1027.4,11.4,0.0,10,961.8,1027.3
BER,2016-08-06T05:50:00.000Z,4.0,91,2.5,178,1027.4,11.9,0.0,10,961.8,1027.2
BER,2016-08-06T06:00:00.000Z,4.3,92,2.5,257,1027.4,12.0,0.0,10,961.8,1027.1
BER,2016-08-06T06:10:00.000Z,4.3,91,2.5,258,1027.4,12.3,0.0,10,961.8,1027.1
BER,2016-08-06T06:20:00.000Z,4.0,91,2.2,258,1027.5,12.4,0.0,10,961.9,1027.2
BER,2016-08-06T06:30:00.000Z,3.2,90,1.4,247,1027.5,13.1,0.0,10,961.9,1027.0
BER,2016-08-06T06:40:00.000Z,3.2,90,1.4,280,1027.6,13.2,0.0,10,962.0,1027.1
BER,2016-08-06T06:50:00.000Z,3.2,88,1.4,266,1027.7,13.6,0.0,10,962.1,1027.1
BER,2016-08-06T07:00:00.000Z,2.9,88,1.1,265,1027.7,13.9,0.0,10,962.1,1027.0
BER,2016-08-06T07:10:00.000Z,4.7,85,1.4,138,1027.9,14.5,0.0,10,962.3,1027.1
BER,2016-08-06T07:20:00.000Z,5.0,81,2.5,165,1027.9,15.3,0.0,10,962.3,1026.9
BER,2016-08-06T07:30:00.000Z,2.9,82,1.4,262,1028.0,15.1,0.0,10,962.4,1027.0
BER,2016-08-06T07:40:00.000Z,7.2,80,3.2,14,1028.0,15.7,0.0,10,962.4,1026.9
BER,2016-08-06T07:50:00.000Z,8.3,79,4.7,28,1028.1,16.1,0.0,10,962.5,1026.9
BER,2016-08-06T08:00:00.000Z,9.7,77,4.7,19,1028.1,16.6,0.0,10,962.5,1026.8
BER,2016-08-06T08:10:00.000Z,10.1,74,5.0,38,1028.1,16.1,0.0,10,962.5,1026.9
BER,2016-08-06T08:20:00.000Z,11.9,73,6.1,12,1028.0,16.7,0.0,10,962.4,1026.6
BER,2016-08-06T08:30:00.000Z,13.3,71,6.5,27,1028.0,16.8,0.0,10,962.4,1026.6
BER,2016-08-06T08:40:00.000Z,15.1,73,6.8,31,1027.9,17.1,0.0,10,962.3,1026.4
BER,2016-08-06T08:50:00.000Z,15.1,74,9.4,357,1028.0,17.9,0.0,10,962.4,1026.4
BER,2016-08-06T09:00:00.000Z,16.2,68,9.4,9,1028.0,17.9,0.0,10,962.4,1026.4
BER,2016-08-06T09:10:00.000Z,12.6,68,5.0,45,1028.0,17.6,0.0,10,962.4,1026.4
BER,2016-08-06T09:20:00.000Z,11.2,65,6.8,355,1028.0,18.2,0.0,10,962.4,1026.3
BER,2016-08-06T09:30:00.000Z,22.3,66,8.3,30,1028.0,19.1,0.0,10,962.4,1026.1
BER,2016-08-06T09:40:00.000Z,16.2,65,7.9,26,1028.1,17.7,0.0,8,962.5,1026.5
BER,2016-08-06T09:50:00.000Z,16.9,57,7.9,29,1028.1,18.7,0.0,10,962.5,1026.3
BER,2016-08-06T10:00:00.000Z,20.2,58,9.0,31,1028.2,19.3,0.0,10,962.6,1026.2
BER,2016-08-06T10:10:00.000Z,16.9,57,8.3,29,1028.3,19.0,0.0,10,962.7,1026.4
BER,2016-08-06T10:20:00.000Z,17.3,53,9.7,13,1028.3,19.3,0.0,10,962.7,1026.4
BER,2016-08-06T10:30:00.000Z,16.9,58,10.1,2,1028.3,19.7,0.0,10,962.7,1026.3
BER,2016-08-06T10:40:00.000Z,16.9,54,6.8,17,1028.2,20.1,0.0,10,962.6,1026.1
BER,2016-08-06T10:50:00.000Z,16.6,49,7.9,30,1028.2,19.7,0.0,10,962.6,1026.2
BER,2016-08-06T11:00:00.000Z,18.7,51,9.0,40,1028.1,20.5,0.0,10,962.5,1025.9
BER,2016-08-06T11:10:00.000Z,20.9,52,10.1,37,1028.0,19.6,0.0,10,962.4,1026.0
BER,2016-08-06T11:20:00.000Z,20.5,53,11.5,9,1028.0,20.1,0.0,10,962.4,1025.8
BER,2016-08-06T11:30:00.000Z,23.0,50,11.5,3,1028.0,20.2,0.0,10,962.4,1025.8
BER,2016-08-06T11:40:00.000Z,20.9,50,11.2,349,1027.9,20.4,0.0,10,962.3,1025.7
BER,2016-08-06T11:50:00.000Z,19.1,44,12.2,25,1027.9,20.4,0.0,10,962.3,1025.7
BER,2016-08-06T12:00:00.000Z,18.4,50,10.4,72,1027.9,20.5,0.0,10,962.3,1025.6
BER,2016-08-06T12:10:00.000Z,19.1,44,12.6,20,1028.0,20.4,0.0,10,962.4,1025.8
BER,2016-08-06T12:20:00.000Z,16.6,46,7.2,85,1027.9,20.9,0.0,10,962.3,1025.5
BER,2016-08-06T12:30:00.000Z,20.2,46,10.4,359,1027.9,20.9,0.0,10,962.3,1025.5
BER,2016-08-06T12:40:00.000Z,22.0,51,9.4,47,1027.9,21.4,0.0,10,962.3,1025.4
BER,2016-08-06T12:50:00.000Z,19.1,46,10.4,27,1028.0,21.0,0.0,10,962.4,1025.6
BER,2016-08-06T13:00:00.000Z,19.1,46,7.2,51,1027.9,21.3,0.0,10,962.3,1025.5
BER,2016-08-06T13:10:00.000Z,22.0,42,9.7,30,1027.9,20.9,0.0,10,962.3,1025.5
BER,2016-08-06T13:20:00.000Z,23.4,44,10.4,9,1027.9,21.6,0.0,10,962.3,1025.4
BER,2016-08-06T13:30:00.000Z,17.3,46,9.0,12,1027.9,21.8,0.0,10,962.3,1025.3
BER,2016-08-06T13:40:00.000Z,28.8,43,12.6,7,1027.8,21.3,0.0,10,962.2,1025.3
BER,2016-08-06T13:50:00.000Z,19.8,45,9.7,359,1027.8,21.2,0.0,10,962.2,1025.4
BER,2016-08-06T14:00:00.000Z,22.7,39,10.4,348,1027.7,21.6,0.0,10,962.1,1025.2
BER,2016-08-06T14:10:00.000Z,15.5,43,9.4,3,1027.7,21.6,0.0,10,962.1,1025.2
BER,2016-08-06T14:20:00.000Z,20.2,44,12.6,12,1027.7,21.9,0.0,10,962.1,1025.1
BER,2016-08-06T14:30:00.000Z,16.6,40,7.6,30,1027.7,21.5,0.0,10,962.1,1025.2
BER,2016-08-06T14:40:00.000Z,17.3,44,8.6,16,1027.7,21.7,0.0,10,962.1,1025.1
BER,2016-08-06T14:50:00.000Z,16.9,41,9.4,41,1027.7,21.9,0.0,10,962.1,1025.1
BER,2016-08-06T15:00:00.000Z,16.6,46,10.8,53,1027.7,21.7,0.0,10,962.1,1025.1
BER,2016-08-06T15:10:00.000Z,16.2,42,7.9,30,1027.7,21.9,0.0,10,962.1,1025.1
BER,2016-08-06T15:20:00.000Z,13.7,42,5.0,20,1027.6,21.6,0.0,10,962.0,1025.1
BER,2016-08-06T15:30:00.000Z,20.9,44,10.4,5,1027.7,21.3,0.0,9,962.1,1025.2
BER,2016-08-06T15:40:00.000Z,16.2,48,10.4,8,1027.7,21.8,0.0,8,962.1,1025.1
BER,2016-08-06T16:00:00.000Z,15.1,41,7.2,349,1027.6,22.3,0.0,10,962.0,1024.9
BER,2016-08-06T16:00:00.000Z,15.1,41,7.2,349,1027.6,22.3,0.0,10,962.0,1024.9
BER,2016-08-06T16:20:00.000Z,24.1,42,12.6,343,1027.7,22.5,0.0,10,962.1,1025.0
BER,2016-08-06T16:30:00.000Z,25.9,46,17.6,358,1027.9,21.6,0.0,10,962.3,1025.4
BER,2016-08-06T16:30:00.000Z,25.9,46,17.6,358,1027.9,21.6,0.0,10,962.3,1025.4
BER,2016-08-06T16:50:00.000Z,14.8,43,9.7,24,1027.9,21.2,0.0,10,962.3,1025.5
BER,2016-08-06T17:00:00.000Z,12.2,52,8.6,22,1027.9,20.0,0.0,7,962.3,1025.8
BER,2016-08-06T17:10:00.000Z,8.6,50,5.4,18,1027.9,19.9,0.0,1,962.3,1025.8
BER,2016-08-06T17:20:00.000Z,7.2,54,4.0,360,1028.0,20.5,0.0,9,962.4,1025.7
BER,2016-08-06T17:30:00.000Z,8.6,50,4.7,344,1027.9,20.9,0.0,10,962.3,1025.5
BER,2016-08-06T17:40:00.000Z,9.4,51,5.4,329,1028.0,21.0,0.0,10,962.4,1025.6
BER,2016-08-06T17:50:00.000Z,11.2,51,7.2,324,1028.0,20.7,0.0,10,962.4,1025.7
BER,2016-08-06T18:00:00.000Z,10.4,53,6.8,345,1028.1,20.5,0.0,10,962.5,1025.9
BER,2016-08-06T18:10:00.000Z,9.4,58,5.8,6,1028.2,19.8,0.0,10,962.6,1026.1
BER,2016-08-06T18:20:00.000Z,7.2,57,4.7,18,1028.2,19.7,0.0,10,962.6,1026.2
BER,2016-08-06T18:30:00.000Z,6.1,54,4.0,28,1028.3,19.7,0.0,10,962.7,1026.3
BER,2016-08-06T18:40:00.000Z,6.8,65,4.0,34,1028.4,18.1,0.0,2,962.8,1026.7
BER,2016-08-06T18:50:00.000Z,5.0,74,2.9,43,1028.5,16.6,0.0,0,962.9,1027.2
BER,2016-08-06T19:00:00.000Z,3.6,78,2.5,52,1028.8,15.7,0.0,0,963.1,1027.6
BER,2016-08-06T19:10:00.000Z,,,,,,,,,,
BER,2016-08-06T19:20:00.000Z,6.5,78,4.3,53,1029.0,15.5,0.0,0,963.3,1027.9
BER,2016-08-06T19:30:00.000Z,7.9,75,5.4,48,1029.1,15.8,0.0,0,963.4,1027.9
BER,2016-08-06T19:40:00.000Z,7.9,74,5.4,52,1029.3,15.6,0.0,0,963.6,1028.2
BER,2016-08-06T19:50:00.000Z,7.6,74,4.7,50,1029.3,15.4,0.0,0,963.6,1028.2
BER,2016-08-06T20:00:00.000Z,6.8,75,5.0,23,1029.3,15.1,0.0,0,963.6,1028.3
BER,2016-08-06T20:10:00.000Z,7.9,75,5.4,13,1029.4,14.9,0.0,0,963.7,1028.5
BER,2016-08-06T20:20:00.000Z,9.0,79,6.8,6,1029.5,14.4,0.0,0,963.8,1028.7
BER,2016-08-06T20:30:00.000Z,8.3,80,6.8,7,1029.5,14.1,0.0,0,963.8,1028.8
BER,2016-08-06T20:40:00.000Z,7.2,82,5.8,21,1029.4,13.9,0.0,0,963.7,1028.7
BER,2016-08-06T20:50:00.000Z,10.1,81,5.8,30,1029.4,14.0,0.0,0,963.7,1028.7
BER,2016-08-06T21:00:00.000Z,8.6,84,6.8,18,1029.5,13.5,0.0,0,963.8,1028.9
BER,2016-08-06T21:10:00.000Z,9.7,85,6.8,31,1029.5,13.5,0.0,0,963.8,1028.9
BER,2016-08-06T21:10:00.000Z,9.7,85,6.8,31,1029.5,13.5,0.0,0,963.8,1028.9
BER,2016-08-06T21:20:00.000Z,9.0,80,6.5,40,1029.6,14.2,0.0,0,963.9,1028.9
BER,2016-08-06T21:30:00.000Z,8.6,85,6.5,24,1029.6,13.4,0.0,0,963.9,1029.0
BER,2016-08-06T21:40:00.000Z,8.6,84,6.8,12,1029.6,13.7,0.0,0,963.9,1029.0
BER,2016-08-06T21:50:00.000Z,9.4,84,7.2,13,1029.6,13.7,0.0,0,963.9,1029.0
BER,2016-08-06T22:00:00.000Z,12.6,85,7.6,41,1029.6,13.4,0.0,0,963.9,1029.0
BER,2016-08-06T22:10:00.000Z,12.2,82,7.6,43,1029.6,13.8,0.0,0,963.9,1028.9
BER,2016-08-06T22:20:00.000Z,11.9,76,6.8,42,1029.7,14.7,0.0,0,964.0,1028.8
BER,2016-08-06T22:30:00.000Z,11.5,82,6.1,28,1029.7,13.7,0.0,0,964.0,1029.1
BER,2016-08-06T22:40:00.000Z,7.2,85,5.8,20,1029.8,13.3,0.0,0,964.1,1029.3
BER,2016-08-06T22:50:00.000Z,7.6,89,5.8,17,1029.9,12.8,0.0,0,964.2,1029.5
BER,2016-08-06T23:00:00.000Z,8.3,89,7.2,11,1029.9,12.7,0.0,0,964.2,1029.5
BER,2016-08-06T23:10:00.000Z,9.0,88,7.6,19,1030.0,12.9,0.0,0,964.3,1029.6
BER,2016-08-06T23:20:00.000Z,9.0,88,7.6,22,1030.0,12.8,0.0,0,964.3,1029.6
BER,2016-08-06T23:30:00.000Z,9.4,88,7.6,25,1030.0,12.8,0.0,0,964.3,1029.6
BER,2016-08-06T23:40:00.000Z,8.3,91,6.8,37,1029.9,12.4,0.0,0,964.2,1029.6
BER,2016-08-06T23:50:00.000Z,8.3,91,6.8,27,1029.9,12.4,0.0,0,964.2,1029.6
BER,2016-08-07T00:00:00.000Z,8.6,91,7.6,26,1029.9,12.3,0.0,0,964.2,1029.6
BER,2016-08-07T00:10:00.000Z,9.0,92,7.6,24,1029.8,12.2,0.0,0,964.1,1029.6
BER,2016-08-07T00:20:00.000Z,9.0,90,7.9,20,1029.8,12.4,0.0,0,964.1,1029.5
BER,2016-08-07T00:30:00.000Z,11.5,90,9.0,19,1029.7,12.4,0.0,0,964.0,1029.4
BER,2016-08-07T00:40:00.000Z,11.5,89,8.6,25,1029.7,12.4,0.0,0,964.0,1029.4
BER,2016-08-07T00:50:00.000Z,11.2,90,8.6,27,1029.7,12.3,0.0,0,964.0,1029.4
BER,2016-08-07T01:00:00.000Z,10.4,90,8.3,31,1029.7,12.2,0.0,0,964.0,1029.4
BER,2016-08-07T01:10:00.000Z,9.0,90,7.9,33,1029.7,12.4,0.0,0,964.0,1029.4
BER,2016-08-07T01:20:00.000Z,9.7,89,7.9,33,1029.7,12.4,0.0,0,964.0,1029.4
BER,2016-08-07T01:30:00.000Z,10.1,92,8.3,28,1029.6,11.7,0.0,0,963.9,1029.5
BER,2016-08-07T01:40:00.000Z,9.7,91,8.3,26,1029.5,11.9,0.0,0,963.8,1029.3
BER,2016-08-07T01:50:00.000Z,10.1,92,8.3,22,1029.5,11.6,0.0,0,963.8,1029.4
BER,2016-08-07T02:00:00.000Z,8.3,91,6.8,34,1029.5,11.9,0.0,0,963.8,1029.3
BER,2016-08-07T02:10:00.000Z,6.5,93,4.3,32,1029.4,11.4,0.0,0,963.7,1029.3
BER,2016-08-07T02:20:00.000Z,3.2,93,1.4,341,1029.4,11.2,0.0,0,963.7,1029.4
BER,2016-08-07T02:30:00.000Z,2.2,93,1.1,16,1029.4,11.4,0.0,0,963.7,1029.3
BER,2016-08-07T02:40:00.000Z,2.9,93,1.4,73,1029.3,11.4,0.0,0,963.6,1029.2
BER,2016-08-07T02:50:00.000Z,3.6,94,1.8,28,1029.3,11.2,0.0,0,963.6,1029.3
BER,2016-08-07T03:00:00.000Z,3.2,93,0.7,123,1029.4,11.3,0.0,0,963.7,1029.3
BER,2016-08-07T03:10:00.000Z,2.9,93,1.4,140,1029.4,11.4,0.0,0,963.7,1029.3
BER,2016-08-07T03:20:00.000Z,2.9,95,1.4,89,1029.4,10.6,0.0,0,963.7,1029.5
BER,2016-08-07T03:30:00.000Z,5.0,94,3.6,18,1029.4,11.0,0.0,0,963.7,1029.4
BER,2016-08-07T03:40:00.000Z,4.7,95,4.0,11,1029.4,10.8,0.0,0,963.7,1029.5
BER,2016-08-07T03:50:00.000Z,5.0,95,3.6,13,1029.4,10.7,0.0,0,963.7,1029.5
BER,2016-08-07T04:00:00.000Z,3.2,94,2.2,8,1029.4,11.0,0.0,0,963.7,1029.4
BER,2016-08-07T04:10:00.000Z,2.5,95,0.7,26,1029.5,10.9,0.0,0,963.8,1029.6
BER,2016-08-07T04:20:00.000Z,1.8,95,1.1,102,1029.5,10.8,0.0,0,963.8,1029.6
BER,2016-08-07T04:30:00.000Z,1.4,95,0.4,98,1029.5,10.8,0.0,0,963.8,1029.6
BER,2016-08-07T04:40:00.000Z,3.2,95,0.7,58,1029.6,10.8,0.0,0,963.9,1029.7
BER,2016-08-07T04:50:00.000Z,4.3,95,2.2,6,1029.7,10.5,0.0,0,964.0,1029.9
BER,2016-08-07T05:00:00.000Z,4.7,94,2.5,11,1029.7,11.1,0.0,0,964.0,1029.7
BER,2016-08-07T05:10:00.000Z,3.2,95,2.2,8,1029.7,11.2,0.0,8,964.0,1029.7
BER,2016-08-07T05:20:00.000Z,3.2,93,1.4,13,1029.8,11.8,0.0,10,964.1,1029.7
BER,2016-08-07T05:30:00.000Z,3.2,92,2.2,10,1029.8,12.4,0.0,10,964.1,1029.5
BER,2016-08-07T05:40:00.000Z,2.5,91,1.1,50,1029.8,13.2,0.0,10,964.1,1029.3
BER,2016-08-07T05:50:00.000Z,4.0,90,2.5,127,1029.8,13.3,0.0,10,964.1,1029.3
BER,2016-08-07T06:00:00.000Z,3.6,86,2.2,148,1029.8,13.6,0.0,10,964.1,1029.2
BER,2016-08-07T06:10:00.000Z,1.4,87,0.4,110,1029.9,14.0,0.0,10,964.2,1029.2
BER,2016-08-07T06:20:00.000Z,3.2,85,1.8,150,1029.9,14.6,0.0,10,964.2,1029.1
BER,2016-08-07T06:30:00.000Z,5.0,85,2.2,138,1029.9,14.8,0.0,10,964.2,1029.0
BER,2016-08-07T06:40:00.000Z,4.7,81,2.9,117,1029.9,15.2,0.0,10,964.2,1028.9
BER,2016-08-07T06:50:00.000Z,5.8,78,3.2,141,1029.8,15.4,0.0,10,964.1,1028.8
BER,2016-08-07T07:00:00.000Z,6.8,76,4.7,149,1029.8,15.5,0.0,10,964.1,1028.8
BER,2016-08-07T07:10:00.000Z,5.4,77,2.2,112,1029.8,16.1,0.0,10,964.1,1028.6
BER,2016-08-07T07:20:00.000Z,5.4,77,1.4,44,1029.8,16.2,0.0,10,964.1,1028.6
BER,2016-08-07T07:30:00.000Z,7.6,76,2.5,354,1029.8,17.2,0.0,10,964.1,1028.3
BER,2016-08-07T07:40:00.000Z,12.2,77,5.0,20,1029.8,17.0,0.0,10,964.1,1028.4
BER,2016-08-07T07:50:00.000Z,11.9,78,7.6,12,1029.7,17.7,0.0,10,964.0,1028.1
BER,2016-08-07T08:00:00.000Z,17.3,76,9.7,29,1029.7,17.8,0.0,10,964.0,1028.1
BER,2016-08-07T08:10:00.000Z,17.3,74,11.2,27,1029.7,18.5,0.0,10,964.0,1027.9
BER,2016-08-07T08:20:00.000Z,17.6,75,12.2,28,1029.6,17.9,0.0,10,963.9,1028.0
BER,2016-08-07T08:30:00.000Z,19.4,76,9.4,25,1029.6,18.8,0.0,10,963.9,1027.7
BER,2016-08-07T08:40:00.000Z,22.7,72,11.5,36,1029.6,18.8,0.0,10,963.9,1027.7
BER,2016-08-07T08:50:00.000Z,24.5,72,13.3,15,1029.5,19.1,0.0,10,963.8,1027.6
BER,2016-08-07T09:00:00.000Z,25.9,70,14.0,16,1029.5,19.3,0.0,10,963.8,1027.5
BER,2016-08-07T09:10:00.000Z,24.8,70,15.5,14,1029.5,19.8,0.0,10,963.8,1027.4
BER,2016-08-07T09:20:00.000Z,23.0,70,14.4,10,1029.4,20.4,0.0,10,963.7,1027.2
BER,2016-08-07T09:30:00.000Z,23.4,67,13.3,30,1029.3,20.1,0.0,10,963.6,1027.1
BER,2016-08-07T09:40:00.000Z,24.5,66,14.8,30,1029.2,20.6,0.0,10,963.5,1026.9
BER,2016-08-07T09:50:00.000Z,31.0,63,19.4,22,1029.3,20.5,0.0,10,963.6,1027.0
BER,2016-08-07T10:00:00.000Z,32.0,63,18.4,16,1029.3,20.9,0.0,10,963.6,1026.9
BER,2016-08-07T10:10:00.000Z,30.6,63,16.9,24,1029.2,21.3,0.0,10,963.5,1026.7
BER,2016-08-07T10:20:00.000Z,36.0,62,19.8,16,1029.3,21.1,0.0,10,963.6,1026.9
BER,2016-08-07T10:30:00.000Z,28.4,59,17.6,23,1029.2,21.4,0.0,10,963.5,1026.7
BER,2016-08-07T10:40:00.000Z,32.4,60,18.7,33,1029.2,21.8,0.0,10,963.5,1026.6
BER,2016-08-07T10:50:00.000Z,,,,,,,,,,
BER,2016-08-07T11:00:00.000Z,28.8,56,16.9,21,1029.1,22.1,0.0,10,963.4,1026.4
BER,2016-08-07T11:10:00.000Z,27.0,57,16.9,26,1028.9,22.4,0.0,10,963.2,1026.2
BER,2016-08-07T11:20:00.000Z,26.6,55,15.8,34,1028.8,22.3,0.0,10,963.1,1026.1
BER,2016-08-07T11:30:00.000Z,29.2,55,16.9,18,1028.8,22.6,0.0,10,963.1,1026.0
BER,2016-08-07T11:40:00.000Z,25.2,56,16.6,15,1028.7,22.7,0.0,10,963.0,1025.9
BER,2016-08-07T11:50:00.000Z,23.0,59,13.0,31,1028.5,23.5,0.0,10,962.9,1025.6
BER,2016-08-07T12:00:00.000Z,31.0,53,15.8,26,1028.3,23.1,0.0,10,962.7,1025.5
BER,2016-08-07T12:10:00.000Z,36.7,54,16.2,39,1028.2,23.0,0.0,10,962.6,1025.4
BER,2016-08-07T12:20:00.000Z,29.2,50,16.9,37,1028.1,23.2,0.0,10,962.5,1025.2
BER,2016-08-07T12:30:00.000Z,27.7,52,16.9,21,1028.2,23.4,0.0,10,962.6,1025.3
BER,2016-08-07T12:40:00.000Z,23.4,53,12.6,33,1028.1,23.6,0.0,10,962.5,1025.1
BER,2016-08-07T13:00:00.000Z,27.7,53,12.2,43,1028.0,23.7,0.0,10,962.4,1025.0
BER,2016-08-07T13:00:00.000Z,27.7,53,12.2,43,1028.0,23.7,0.0,10,962.4,1025.0
BER,2016-08-07T13:10:00.000Z,28.8,50,15.5,26,1027.9,23.8,0.0,10,962.3,1024.9
BER,2016-08-07T13:30:00.000Z,31.3,52,17.6,14,1027.8,24.0,0.0,10,962.2,1024.7
BER,2016-08-07T13:40:00.000Z,28.8,48,16.6,42,1027.8,23.6,0.0,10,962.2,1024.8
BER,2016-08-07T13:50:00.000Z,26.3,50,15.8,25,1027.7,24.0,0.0,10,962.1,1024.6
BER,2016-08-07T14:00:00.000Z,25.6,46,16.2,35,1027.6,24.1,0.0,10,962.0,1024.5
BER,2016-08-07T14:00:00.000Z,25.6,46,16.2,35,1027.6,24.1,0.0,10,962.0,1024.5
BER,2016-08-07T14:20:00.000Z,25.6,46,13.7,18,1027.5,24.0,0.0,10,961.9,1024.4
BER,2016-08-07T14:30:00.000Z,29.2,44,15.1,55,1027.3,23.9,0.0,10,961.7,1024.2
BER,2016-08-07T14:40:00.000Z,25.6,46,15.8,30,1027.2,24.0,0.0,10,961.6,1024.1
BER,2016-08-07T14:50:00.000Z,29.2,42,16.9,24,1027.2,23.9,0.0,10,961.6,1024.1
BER,2016-08-07T15:00:00.000Z,27.7,46,14.4,27,1027.2,24.0,0.0,10,961.6,1024.1
BER,2016-08-07T15:10:00.000Z,25.2,43,13.0,22,1027.1,24.2,0.0,10,961.5,1023.9
BER,2016-08-07T15:20:00.000Z,21.2,44,10.1,53,1027.1,24.2,0.0,10,961.5,1023.9
BER,2016-08-07T15:30:00.000Z,22.7,45,13.3,28,1027.1,24.2,0.0,10,961.5,1023.9
BER,2016-08-07T15:40:00.000Z,28.4,43,16.2,21,1027.0,24.2,0.0,10,961.4,1023.8
BER,2016-08-07T15:50:00.000Z,26.3,45,16.2,34,1026.9,23.8,0.0,10,961.3,1023.8
BER,2016-08-07T16:00:00.000Z,22.0,44,14.0,27,1026.9,24.0,0.0,10,961.3,1023.8
BER,2016-08-07T16:10:00.000Z,25.2,44,14.8,30,1026.8,23.9,0.0,10,961.2,1023.7
BER,2016-08-07T16:20:00.000Z,23.0,43,14.8,45,1026.6,23.9,0.0,10,961.1,1023.6
BER,2016-08-07T16:30:00.000Z,17.6,46,10.8,43,1026.6,23.9,0.0,10,961.1,1023.6
BER,2016-08-07T16:40:00.000Z,20.9,43,13.3,37,1026.6,23.8,0.0,10,961.1,1023.6
BER,2016-08-07T16:50:00.000Z,21.2,44,13.3,38,1026.5,23.6,0.0,10,961.0,1023.5
BER,2016-08-07T17:00:00.000Z,23.4,44,14.0,26,1026.4,23.5,0.0,10,960.9,1023.5
BER,2016-08-07T17:10:00.000Z,21.6,45,13.0,27,1026.4,23.5,0.0,10,960.9,1023.5
BER,2016-08-07T17:20:00.000Z,22.0,45,13.7,30,1026.3,23.2,0.0,10,960.8,1023.4
BER,2016-08-07T17:30:00.000Z,19.1,47,12.2,25,1026.3,23.1,0.0,10,960.8,1023.4
BER,2016-08-07T17:40:00.000Z,20.5,45,12.6,29,1026.3,23.1,0.0,10,960.8,1023.4
BER,2016-08-07T17:50:00.000Z,18.0,48,10.8,27,1026.3,22.7,0.0,10,960.8,1023.5
BER,2016-08-07T18:00:00.000Z,16.9,46,10.4,28,1026.3,22.8,0.0,10,960.8,1023.5
BER,2016-08-07T18:10:00.000Z,13.0,52,9.4,26,1026.3,21.8,0.0,10,960.8,1023.7
BER,2016-08-07T18:20:00.000Z,14.0,53,8.6,22,1026.3,21.6,0.0,10,960.8,1023.8
BER,2016-08-07T18:30:00.000Z,11.5,57,9.0,22,1026.2,20.9,0.0,4,960.7,1023.8
BER,2016-08-07T18:40:00.000Z,10.4,59,7.6,30,1026.3,20.5,0.0,0,960.8,1024.0
BER,2016-08-07T18:40:00.000Z,10.4,59,7.6,30,1026.3,20.5,0.0,0,960.8,1024.0
BER,2016-08-07T18:50:00.000Z,9.0,60,6.1,35,1026.3,20.1,0.0,0,960.8,1024.1
BER,2016-08-07T19:00:00.000Z,11.2,66,7.6,35,1026.3,19.1,0.0,0,960.8,1024.4
BER,2016-08-07T19:10:00.000Z,9.7,62,7.6,37,1026.4,19.5,0.0,0,960.9,1024.4
BER,2016-08-07T19:20:00.000Z,9.7,69,6.1,38,1026.4,18.3,0.0,0,960.9,1024.7
BER,2016-08-07T19:30:00.000Z,9.7,70,7.6,30,1026.5,17.9,0.0,0,961.0,1024.9
BER,2016-08-07T19:40:00.000Z,9.0,75,6.8,32,1026.6,17.3,0.0,0,961.1,1025.1
BER,2016-08-07T19:50:00.000Z,9.4,78,6.5,30,1026.8,16.8,0.0,0,961.2,1025.3
BER,2016-08-07T20:00:00.000Z,7.9,76,5.8,27,1026.6,16.8,0.0,0,961.1,1025.2
BER,2016-08-07T20:10:00.000Z,6.8,84,4.7,3,1026.6,15.6,0.0,0,961.1,1025.5
BER,2016-08-07T20:20:00.000Z,6.8,81,5.0,349,1026.8,16.0,0.0,0,961.2,1025.5
BER,2016-08-07T20:30:00.000Z,7.6,84,4.7,3,1026.8,15.4,0.0,0,961.2,1025.7
BER,2016-08-07T20:40:00.000Z,6.8,83,4.7,17,1026.8,15.4,0.0,0,961.2,1025.7
BER,2016-08-07T20:50:00.000Z,5.0,86,3.6,347,1026.6,14.8,0.0,0,961.1,1025.7
BER,2016-08-07T21:00:00.000Z,5.0,75,3.2,301,1026.6,16.6,0.0,0,961.1,1025.3
BER,2016-08-07T21:10:00.000Z,4.0,81,2.5,298,1026.8,15.7,0.0,0,961.2,1025.6
BER,2016-08-07T21:20:00.000Z,5.0,79,2.2,354,1026.6,15.9,0.0,0,961.1,1025.5
BER,2016-08-07T21:30:00.000Z,5.0,84,3.6,358,1026.6,15.0,0.0,0,961.1,1025.7
BER,2016-08-07T21:40:00.000Z,4.7,88,3.2,27,1026.8,14.0,0.0,0,961.2,1026.0
BER,2016-08-07T21:50:00.000Z,2.5,84,1.1,82,1026.8,14.9,0.0,0,961.2,1025.8
BER,2016-08-07T22:00:00.000Z,1.4,88,0.4,115,1026.6,14.1,0.0,0,961.1,1025.9
BER,2016-08-07T22:10:00.000Z,3.2,87,1.8,19,1026.6,14.2,0.0,0,961.1,1025.9
BER,2016-08-07T22:20:00.000Z,1.8,91,0.7,114,1026.6,13.4,0.0,0,961.1,1026.1
BER,2016-08-07T22:30:00.000Z,1.1,89,0.4,136,1026.6,13.7,0.0,0,961.1,1026.0
BER,2016-08-07T22:40:00.000Z,0.7,87,0.0,0,1026.6,13.9,0.0,0,961.1,1025.9
BER,2016-08-07T22:50:00.000Z,0.0,88,0.0,0,1026.5,13.7,0.0,0,961.0,1025.9
BER,2016-08-07T23:00:00.000Z,1.4,87,0.4,152,1026.4,14.0,0.0,0,960.9,1025.7
BER,2016-08-07T23:10:00.000Z,4.0,93,1.8,220,1026.4,12.5,0.0,0,960.9,1026.1
BER,2016-08-07T23:20:00.000Z,2.9,90,2.2,234,1026.4,13.4,0.0,0,960.9,1025.8
BER,2016-08-07T23:30:00.000Z,2.5,91,1.4,202,1026.3,13.5,0.0,0,960.8,1025.7
BER,2016-08-07T23:40:00.000Z,3.6,88,0.7,194,1026.2,14.1,0.0,0,960.7,1025.5
BER,2016-08-07T23:50:00.000Z,4.7,91,2.5,179,1026.1,13.4,0.0,0,960.6,1025.5
BER,2016-08-08T00:00:00.000Z,3.6,88,2.2,177,1026.1,13.9,0.0,0,960.6,1025.4
BER,2016-08-08T00:10:00.000Z,2.9,90,2.2,213,1026.0,13.7,0.0,0,960.5,1025.3
BER,2016-08-08T00:20:00.000Z,4.7,94,3.2,224,1025.9,12.6,0.0,0,960.4,1025.5
BER,2016-08-08T00:30:00.000Z,4.7,93,2.9,206,1025.9,12.6,0.0,0,960.4,1025.5
BER,2016-08-08T00:40:00.000Z,4.7,90,3.2,212,1025.8,13.3,0.0,0,960.3,1025.2
BER,2016-08-08T00:50:00.000Z,3.6,92,2.9,223,1025.8,13.0,0.0,0,960.3,1025.3
BER,2016-08-08T01:00:00.000Z,5.0,94,3.6,228,1025.9,12.5,0.0,0,960.4,1025.5
BER,2016-08-08T01:10:00.000Z,5.0,94,3.6,197,1025.9,12.8,0.0,0,960.4,1025.5
BER,2016-08-08T01:20:00.000Z,5.8,91,4.3,166,1025.7,13.3,0.0,0,960.2,1025.1
BER,2016-08-08T01:30:00.000Z,3.6,91,1.4,175,1025.6,13.3,0.0,0,960.1,1025.0
BER,2016-08-08T01:40:00.000Z,6.8,94,4.3,244,1025.5,12.8,0.0,0,960.0,1025.0
BER,2016-08-08T01:50:00.000Z,6.1,94,2.9,221,1025.5,12.7,0.0,0,960.0,1025.1
BER,2016-08-08T02:00:00.000Z,4.7,94,2.9,154,1025.5,12.7,0.0,0,960.0,1025.1
BER,2016-08-08T02:10:00.000Z,5.0,92,3.6,162,1025.5,13.1,0.0,0,960.0,1025.0
BER,2016-08-08T02:20:00.000Z,5.8,93,4.0,170,1025.4,13.0,0.0,0,959.9,1024.9
BER,2016-08-08T02:30:00.000Z,6.1,93,4.3,194,1025.4,13.1,0.0,0,959.9,1024.8
BER,2016-08-08T02:40:00.000Z,5.0,92,3.6,196,1025.4,13.4,0.0,0,959.9,1024.8
BER,2016-08-08T02:50:00.000Z,5.8,93,4.3,192,1025.4,13.2,0.0,0,959.9,1024.8
BER,2016-08-08T03:00:00.000Z,4.3,92,2.9,181,1025.4,13.1,0.0,0,959.9,1024.8
BER,2016-08-08T03:10:00.000Z,4.0,93,3.2,203,1025.5,13.0,0.0,0,960.0,1025.0
BER,2016-08-08T03:20:00.000Z,4.0,95,2.5,195,1025.5,12.4,0.0,0,960.0,1025.1
BER,2016-08-08T03:30:00.000Z,4.7,95,2.2,190,1025.5,12.2,0.0,0,960.0,1025.2
BER,2016-08-08T03:40:00.000Z,4.3,95,2.9,213,1025.5,11.8,0.0,0,960.0,1025.3
BER,2016-08-08T03:50:00.000Z,4.7,96,4.0,216,1025.6,11.3,0.0,0,960.1,1025.5
BER,2016-08-08T04:00:00.000Z,3.2,94,2.2,183,1025.6,12.4,0.0,0,960.1,1025.2
BER,2016-08-08T04:10:00.000Z,1.4,95,0.0,0,1025.6,12.2,0.0,0,960.1,1025.3
BER,2016-08-08T04:20:00.000Z,3.6,96,2.2,207,1025.5,11.1,0.0,0,960.0,1025.4
BER,2016-08-08T04:30:00.000Z,4.7,94,3.2,227,1025.5,12.1,0.0,0,960.0,1025.2
BER,2016-08-08T04:40:00.000Z,4.0,95,1.8,247,1025.5,11.9,0.0,0,960.0,1025.2
BER,2016-08-08T04:50:00.000Z,2.5,96,1.1,225,1025.6,12.0,0.0,0,960.1,1025.3
BER,2016-08-08T05:00:00.000Z,3.2,95,1.8,198,1025.7,12.0,0.0,0,960.2,1025.4
BER,2016-08-08T05:10:00.000Z,4.7,94,3.2,172,1025.8,12.5,0.0,7,960.3,1025.4
BER,2016-08-08T05:20:00.000Z,4.7,93,2.9,206,1025.7,13.3,0.0,10,960.2,1025.1
BER,2016-08-08T05:30:00.000Z,5.0,92,3.2,218,1025.7,13.6,0.0,10,960.2,1025.0
BER,2016-08-08T05:40:00.000Z,3.6,92,2.5,231,1025.7,13.8,0.0,10,960.2,1025.0
BER,2016-08-08T05:50:00.000Z,5.8,90,4.0,197,1025.6,14.8,0.0,10,960.1,1024.7
BER,2016-08-08T06:00:00.000Z,7.6,86,5.0,184,1025.5,15.1,0.0,10,960.0,1024.5
BER,2016-08-08T06:10:00.000Z,7.2,86,4.0,185,1025.5,16.1,0.0,10,960.0,1024.2
BER,2016-08-08T06:20:00.000Z,8.3,84,5.8,171,1025.4,16.7,0.0,10,959.9,1024.0
BER,2016-08-08T06:30:00.000Z,13.3,79,7.9,174,1025.3,17.0,0.0,10,959.8,1023.8
BER,2016-08-08T06:40:00.000Z,12.6,79,7.9,178,1025.2,17.4,0.0,10,959.7,1023.6
BER,2016-08-08T06:50:00.000Z,13.0,78,6.8,179,1025.4,17.7,0.0,10,959.9,1023.7
BER,2016-08-08T07:00:00.000Z,9.7,75,5.8,207,1025.4,18.0,0.0,10,959.9,1023.7
BER,2016-08-08T07:10:00.000Z,11.2,77,6.5,185,1025.3,18.4,0.0,10,959.8,1023.5
BER,2016-08-08T07:20:00.000Z,8.6,73,4.3,194,1025.2,18.3,0.0,10,959.7,1023.4
BER,2016-08-08T07:30:00.000Z,6.8,72,3.2,202,1025.1,18.5,0.0,10,959.6,1023.2
BER,2016-08-08T07:40:00.000Z,6.8,70,4.0,186,1025.2,19.3,0.0,10,959.7,1023.2
BER,2016-08-08T07:50:00.000Z,6.1,70,2.9,263,1025.2,19.2,0.0,10,959.7,1023.2
BER,2016-08-08T08:00:00.000Z,7.2,72,2.9,226,1025.2,19.4,0.0,10,959.7,1023.1
BER,2016-08-08T08:10:00.000Z,7.2,70,3.2,195,1025.1,19.9,0.0,10,959.6,1022.9
BER,2016-08-08T08:20:00.000Z,7.9,66,4.0,228,1025.2,20.0,0.0,10,959.7,1023.0
BER,2016-08-08T08:30:00.000Z,13.0,67,7.6,233,1025.2,20.5,0.0,10,959.7,1022.9
BER,2016-08-08T08:40:00.000Z,9.7,66,5.4,248,1025.1,20.3,0.0,10,959.6,1022.8
BER,2016-08-08T08:50:00.000Z,9.0,66,4.0,214,1025.0,20.8,0.0,10,959.5,1022.6
BER,2016-08-08T09:00:00.000Z,6.5,67,3.6,218,1025.0,21.1,0.0,10,959.5,1022.5
BER,2016-08-08T09:10:00.000Z,9.4,64,4.3,222,1025.0,21.0,0.0,10,959.5,1022.5
BER,2016-08-08T09:20:00.000Z,7.2,65,2.9,229,1025.1,21.5,0.0,10,959.6,1022.5
BER,2016-08-08T09:40:00.000Z,10.1,61,5.0,261,1024.9,22.4,0.0,10,959.4,1022.1
BER,2016-08-08T09:50:00.000Z,10.8,58,5.0,218,1024.7,22.3,0.0,10,959.3,1022.0
BER,2016-08-08T10:00:00.000Z,12.2,55,4.7,242,1024.6,22.4,0.0,10,959.2,1021.9
BER,2016-08-08T10:00:00.000Z,12.2,55,4.7,242,1024.6,22.4,0.0,10,959.2,1021.9
BER,2016-08-08T10:20:00.000Z,10.8,50,6.1,219,1024.5,23.3,0.0,10,959.1,1021.6
BER,2016-08-08T10:20:00.000Z,10.8,50,6.1,219,1024.5,23.3,0.0,10,959.1,1021.6
BER,2016-08-08T10:40:00.000Z,8.3,50,3.6,229,1024.2,23.0,0.0,10,958.8,1021.3
BER,2016-08-08T10:50:00.000Z,9.0,55,3.6,241,1024.1,23.5,0.0,10,958.7,1021.1
BER,2016-08-08T11:00:00.000Z,14.4,58,7.2,275,1024.1,24.0,0.0,10,958.7,1021.0
BER,2016-08-08T11:10:00.000Z,15.5,50,6.1,275,1024.1,24.1,0.0,10,958.7,1021.0
BER,2016-08-08T11:20:00.000Z,9.7,57,3.6,230,1024.0,24.3,0.0,10,958.6,1020.8
BER,2016-08-08T11:30:00.000Z,9.7,50,4.7,202,1023.9,24.5,0.0,10,958.5,1020.7
BER,2016-08-08T11:40:00.000Z,9.0,51,3.2,300,1023.9,24.5,0.0,10,958.5,1020.7
BER,2016-08-08T11:50:00.000Z,11.2,50,4.3,229,1023.8,24.7,0.0,10,958.4,1020.5
BER,2016-08-08T12:00:00.000Z,9.0,50,2.2,286,1023.8,25.0,0.0,10,958.4,1020.4
BER,2016-08-08T12:10:00.000Z,11.5,45,7.2,182,1023.7,25.2,0.0,10,958.3,1020.3
BER,2016-08-08T12:20:00.000Z,13.3,45,7.2,218,1023.7,25.1,0.0,10,958.3,1020.3
BER,2016-08-08T12:30:00.000Z,14.8,46,5.4,192,1023.7,25.0,0.0,10,958.3,1020.3
BER,2016-08-08T12:40:00.000Z,15.5,49,6.5,259,1023.6,25.9,0.0,10,958.2,1020.0
BER,2016-08-08T12:50:00.000Z,15.5,45,4.3,222,1023.5,25.5,0.0,10,958.1,1020.0
BER,2016-08-08T13:00:00.000Z,16.9,47,6.5,239,1023.4,25.9,0.0,10,958.0,1019.8
BER,2016-08-08T13:10:00.000Z,10.1,49,5.0,274,1023.4,25.9,0.0,10,958.0,1019.8
BER,2016-08-08T13:20:00.000Z,15.1,48,6.8,234,1023.3,25.8,0.0,10,957.9,1019.7
BER,2016-08-08T13:30:00.000Z,13.7,52,7.9,220,1023.2,26.1,0.0,10,957.8,1019.6
BER,2016-08-08T13:40:00.000Z,18.0,47,8.3,258,1023.1,26.5,0.0,10,957.7,1019.4
BER,2016-08-08T13:50:00.000Z,9.7,52,2.9,271,1023.0,26.5,0.0,10,957.6,1019.3
BER,2016-08-08T14:00:00.000Z,19.1,49,8.3,257,1022.9,26.3,0.0,10,957.5,1019.2
BER,2016-08-08T14:10:00.000Z,14.0,52,6.8,253,1022.7,26.1,0.0,10,957.4,1019.1
BER,2016-08-08T14:20:00.000Z,17.3,47,10.1,281,1022.6,26.1,0.0,10,957.3,1019.0
BER,2016-08-08T14:20:00.000Z,17.3,47,10.1,281,1022.6,26.1,0.0,10,957.3,1019.0
BER,2016-08-08T14:30:00.000Z,14.0,48,7.6,277,1022.5,26.5,0.0,10,957.2,1018.8
BER,2016-08-08T14:40:00.000Z,17.3,48,9.4,247,1022.4,26.4,0.0,10,957.1,1018.7
BER,2016-08-08T14:50:00.000Z,13.7,51,5.4,239,1022.3,26.5,0.0,10,957.0,1018.6
BER,2016-08-08T15:00:00.000Z,15.5,50,8.6,285,1022.3,26.5,0.0,10,957.0,1018.6
BER,2016-08-08T15:10:00.000Z,14.8,47,8.3,273,1022.2,26.1,0.0,10,956.9,1018.6
BER,2016-08-08T15:20:00.000Z,17.3,49,11.9,245,1022.2,26.4,0.0,10,956.9,1018.5
BER,2016-08-08T15:30:00.000Z,18.7,48,11.9,250,1022.2,26.2,0.0,10,956.9,1018.6
BER,2016-08-08T15:40:00.000Z,14.8,49,8.3,253,1022.1,26.7,0.0,10,956.8,1018.4
BER,2016-08-08T15:50:00.000Z,18.7,46,9.7,282,1022.0,26.5,0.0,10,956.7,1018.3
BER,2016-08-08T16:00:00.000Z,14.0,47,9.0,288,1022.0,26.2,0.0,8,956.7,1018.4
BER,2016-08-08T16:10:00.000Z,15.5,49,8.6,298,1021.9,25.5,0.0,1,956.6,1018.4
BER,2016-08-08T16:20:00.000Z,16.6,47,7.9,300,1021.8,25.8,0.0,0,956.5,1018.2
BER,2016-08-08T16:30:00.000Z,10.8,52,6.5,269,1021.8,25.3,0.0,0,956.5,1018.4
BER,2016-08-08T16:40:00.000Z,9.4,51,5.8,280,1021.7,25.5,0.0,0,956.4,1018.2
BER,2016-08-08T16:50:00.000Z,16.9,50,7.9,306,1021.8,25.8,0.0,3,956.5,1018.2
BER,2016-08-08T17:00:00.000Z,19.4,51,10.8,309,1021.8,25.5,0.0,1,956.5,1018.3
BER,2016-08-08T17:10:00.000Z,20.5,50,12.6,303,1021.8,25.4,0.0,5,956.5,1018.3
BER,2016-08-08T17:20:00.000Z,19.4,50,12.6,298,1021.8,25.5,0.0,10,956.5,1018.3
BER,2016-08-08T17:30:00.000Z,24.1,50,14.0,292,1021.8,25.1,0.0,9,956.5,1018.4
BER,2016-08-08T17:40:00.000Z,21.2,51,11.9,291,1021.9,24.8,0.0,5,956.6,1018.6
BER,2016-08-08T17:50:00.000Z,18.0,52,10.4,288,1021.9,24.4,0.0,1,956.6,1018.7
BER,2016-08-08T18:00:00.000Z,14.0,53,7.9,287,1022.0,24.2,0.0,0,956.7,1018.8
BER,2016-08-08T18:10:00.000Z,8.3,55,5.0,280,1022.0,23.9,0.0,0,956.7,1018.9
BER,2016-08-08T18:20:00.000Z,8.6,55,4.3,275,1022.0,23.5,0.0,0,956.7,1019.0
BER,2016-08-08T18:30:00.000Z,5.8,54,3.6,283,1022.0,23.6,0.0,0,956.7,1019.0
BER,2016-08-08T18:40:00.000Z,6.1,58,4.0,277,1022.0,22.8,0.0,0,956.7,1019.1
BER,2016-08-08T18:50:00.000Z,6.5,61,3.2,255,1022.0,22.3,0.0,0,956.7,1019.3
BER,2016-08-08T19:00:00.000Z,3.2,63,2.2,256,1022.0,21.8,0.0,0,956.7,1019.4
BER,2016-08-08T19:10:00.000Z,4.0,66,2.5,186,1022.0,21.1,0.0,0,956.7,1019.5
BER,2016-08-08T19:20:00.000Z,4.7,69,3.6,119,1022.1,20.5,0.0,0,956.8,1019.8
BER,2016-08-08T19:30:00.000Z,3.2,76,2.9,118,1022.2,19.5,0.0,0,956.9,1020.1
BER,2016-08-08T19:40:00.000Z,6.5,65,4.7,137,1022.2,21.0,0.0,0,956.9,1019.8
BER,2016-08-08T19:50:00.000Z,6.1,73,2.9,140,1022.3,19.7,0.0,0,957.0,1020.2
BER,2016-08-08T20:00:00.000Z,3.2,74,1.8,94,1022.3,19.5,0.0,0,957.0,1020.2
BER,2016-08-08T20:10:00.000Z,2.9,80,1.1,97,1022.3,18.5,0.0,0,957.0,1020.5
BER,2016-08-08T20:20:00.000Z,2.2,80,0.7,128,1022.3,18.4,0.0,0,957.0,1020.5
BER,2016-08-08T20:30:00.000Z,1.8,77,1.1,206,1022.3,18.6,0.0,0,957.0,1020.4
BER,2016-08-08T20:40:00.000Z,1.8,83,0.7,181,1022.3,17.7,0.0,0,957.0,1020.6
BER,2016-08-08T20:50:00.000Z,4.3,78,2.5,3,1022.2,18.2,0.0,0,956.9,1020.4
BER,2016-08-08T21:00:00.000Z,2.9,78,1.8,38,1022.1,18.2,0.0,0,956.8,1020.3
BER,2016-08-08T21:10:00.000Z,2.2,79,1.1,162,1022.1,18.1,0.0,0,956.8,1020.3
BER,2016-08-08T21:20:00.000Z,4.3,77,2.5,148,1022.1,18.5,0.0,0,956.8,1020.2
BER,2016-08-08T21:30:00.000Z,2.9,77,1.4,129,1022.1,18.5,0.0,0,956.8,1020.2
BER,2016-08-08T21:40:00.000Z,2.9,83,1.4,10,1022.1,17.5,0.0,0,956.8,1020.5
BER,2016-08-08T21:50:00.000Z,4.3,82,1.4,182,1022.2,17.7,0.0,0,956.9,1020.5
BER,2016-08-08T22:00:00.000Z,4.7,81,2.2,128,1022.2,17.9,0.0,0,956.9,1020.5
BER,2016-08-08T22:10:00.000Z,4.7,87,1.4,219,1022.1,16.8,0.0,0,956.8,1020.6
BER,2016-08-08T22:20:00.000Z,6.5,87,3.2,1,1022.1,16.6,0.0,0,956.8,1020.7
BER,2016-08-08T22:30:00.000Z,3.2,84,2.5,27,1022.2,17.1,0.0,0,956.9,1020.7
BER,2016-08-08T22:40:00.000Z,3.6,86,2.2,98,1022.2,16.8,0.0,0,956.9,1020.8
BER,2016-08-08T22:50:00.000Z,2.5,87,1.1,162,1022.2,16.6,0.0,0,956.9,1020.8
BER,2016-08-08T23:00:00.000Z,2.9,87,1.1,254,1022.3,16.6,0.0,0,957.0,1020.9
BER,2016-08-08T23:10:00.000Z,3.2,90,1.4,246,1022.3,16.5,0.0,0,957.0,1020.9
BER,2016-08-08T23:20:00.000Z,2.9,88,1.8,302,1022.3,16.7,0.0,0,957.0,1020.9
BER,2016-08-08T23:30:00.000Z,2.5,86,1.4,333,1022.2,17.2,0.0,0,956.9,1020.7
BER,2016-08-08T23:40:00.000Z,3.2,87,1.4,38,1022.1,16.9,0.0,0,956.8,1020.6
BER,2016-08-08T23:50:00.000Z,2.5,89,1.4,30,1022.1,16.8,0.0,0,956.8,1020.6
BER,2016-08-09T00:00:00.000Z,3.6,88,1.4,352,1022.2,16.9,0.0,0,956.9,1020.7
BER,2016-08-09T00:10:00.000Z,2.9,88,0.7,59,1022.2,16.9,0.0,0,956.9,1020.7
BER,2016-08-09T00:20:00.000Z,2.2,91,1.1,195,1022.1,16.7,0.0,0,956.8,1020.7
BER,2016-08-09T00:30:00.000Z,3.6,89,2.2,171,1022.0,17.0,0.0,0,956.7,1020.5
BER,2016-08-09T00:40:00.000Z,2.9,86,2.2,150,1022.0,17.4,0.0,0,956.7,1020.4
BER,2016-08-09T00:50:00.000Z,2.5,90,1.1,112,1022.0,17.0,0.0,0,956.7,1020.5
BER,2016-08-09T01:00:00.000Z,3.6,89,2.2,21,1021.9,17.0,0.0,0,956.6,1020.4
BER,2016-08-09T01:10:00.000Z,3.2,87,1.1,37,1021.8,17.3,0.0,0,956.5,1020.2
BER,2016-08-09T01:20:00.000Z,2.9,89,1.1,31,1021.9,17.1,0.0,0,956.6,1020.4
BER,2016-08-09T01:30:00.000Z,4.3,81,2.9,74,1021.7,17.7,0.0,0,956.4,1020.0
BER,2016-08-09T01:40:00.000Z,2.5,85,1.1,5,1021.8,17.2,0.0,0,956.5,1020.2
BER,2016-08-09T01:50:00.000Z,1.4,86,0.4,40,1021.7,17.1,0.0,0,956.4,1020.2
BER,2016-08-09T02:00:00.000Z,2.9,85,1.1,166,1021.6,17.3,0.0,0,956.3,1020.0
BER,2016-08-09T02:10:00.000Z,4.7,89,3.2,4,1021.7,16.8,0.0,0,956.4,1020.2
BER,2016-08-09T02:20:00.000Z,7.9,79,5.0,47,1021.4,17.8,0.0,0,956.1,1019.7
BER,2016-08-09T02:30:00.000Z,4.0,91,2.5,340,1021.6,16.7,0.0,0,956.3,1020.1
BER,2016-08-09T02:40:00.000Z,4.0,86,1.8,21,1021.6,17.1,0.0,0,956.3,1020.0
BER,2016-08-09T02:50:00.000Z,4.3,83,2.5,57,1021.4,17.2,0.0,0,956.1,1019.8
BER,2016-08-09T03:00:00.000Z,5.8,81,3.2,24,1021.3,17.3,0.0,0,956.0,1019.7
BER,2016-08-09T03:10:00.000Z,4.0,89,2.5,24,1021.3,16.3,0.0,0,956.0,1019.9
BER,2016-08-09T03:20:00.000Z,2.9,84,1.4,133,1021.2,17.1,0.0,0,955.9,1019.6
BER,2016-08-09T03:30:00.000Z,1.8,84,0.7,144,1021.1,17.1,0.0,0,955.8,1019.5
BER,2016-08-09T03:40:00.000Z,3.2,92,1.8,293,1021.0,16.3,0.0,0,955.7,1019.6
BER,2016-08-09T03:50:00.000Z,3.6,94,1.8,257,1021.1,16.4,0.0,0,955.8,1019.7
BER,2016-08-09T04:00:00.000Z,2.5,90,1.1,339,1021.1,16.6,0.0,0,955.8,1019.6
BER,2016-08-09T04:10:00.000Z,3.6,87,2.5,15,1021.1,16.4,0.0,0,955.8,1019.7
BER,2016-08-09T04:20:00.000Z,3.6,89,2.9,24,1021.2,16.3,0.0,0,955.9,1019.8
BER,2016-08-09T04:30:00.000Z,6.1,90,4.3,20,1021.2,16.1,0.0,0,955.9,1019.9
BER,2016-08-09T04:40:00.000Z,8.6,85,5.8,29,1021.2,16.4,0.0,0,955.9,1019.8
BER,2016-08-09T04:50:00.000Z,7.9,83,6.1,26,1021.1,16.6,0.0,0,955.8,1019.6
BER,2016-08-09T05:00:00.000Z,8.6,84,6.1,23,1021.1,16.3,0.0,0,955.8,1019.7
BER,2016-08-09T05:10:00.000Z,9.0,84,5.8,14,1021.1,16.5,0.0,0,955.8,1019.7
BER,2016-08-09T05:30:00.000Z,9.7,84,6.1,2,1021.1,17.3,0.0,0,955.8,1019.5
BER,2016-08-09T05:30:00.000Z,9.7,84,6.1,2,1021.1,17.3,0.0,0,955.8,1019.5
BER,2016-08-09T05:40:00.000Z,9.7,86,6.8,18,1021.2,17.2,0.0,0,955.9,1019.6
BER,2016-08-09T06:00:00.000Z,13.0,89,6.8,8,1021.3,17.3,0.0,0,956.0,1019.7
BER,2016-08-09T06:10:00.000Z,9.0,87,6.1,357,1021.2,17.5,0.0,0,955.9,1019.5
BER,2016-08-09T06:10:00.000Z,9.0,87,6.1,357,1021.2,17.5,0.0,0,955.9,1019.5
BER,2016-08-09T06:30:00.000Z,11.9,85,7.6,9,1021.4,18.0,0.0,0,956.1,1019.6
BER,2016-08-09T06:40:00.000Z,13.7,80,9.7,5,1021.5,18.1,0.0,0,956.2,1019.7
BER,2016-08-09T06:50:00.000Z,15.5,81,10.4,348,1021.7,18.1,0.0,0,956.4,1019.9
BER,2016-08-09T07:00:00.000Z,15.1,80,11.2,2,1021.7,18.3,0.0,0,956.4,1019.9
BER,2016-08-09T07:10:00.000Z,17.3,81,11.5,7,1021.7,18.0,0.0,0,956.4,1019.9
BER,2016-08-09T07:20:00.000Z,18.0,82,11.9,2,1021.7,18.5,0.0,0,956.4,1019.8
BER,2016-08-09T07:30:00.000Z,20.2,77,11.2,34,1021.8,18.1,0.0,0,956.5,1020.0
BER,2016-08-09T07:40:00.000Z,15.1,76,7.9,40,1021.8,18.1,0.0,0,956.5,1020.0
BER,2016-08-09T07:50:00.000Z,12.2,75,7.9,24,1021.9,18.2,0.0,0,956.6,1020.1
BER,2016-08-09T08:00:00.000Z,13.0,74,7.9,35,1021.9,18.5,0.0,1,956.6,1020.0
BER,2016-08-09T08:10:00.000Z,16.2,74,9.4,40,1021.9,18.4,0.0,0,956.6,1020.1
BER,2016-08-09T08:20:00.000Z,14.8,74,9.7,35,1021.8,18.4,0.0,0,956.5,1020.0
BER,2016-08-09T08:30:00.000Z,13.7,70,8.3,29,1021.9,18.3,0.0,0,956.6,1020.1
BER,2016-08-09T08:40:00.000Z,14.4,75,8.3,16,1022.0,18.1,0.0,0,956.7,1020.2
BER,2016-08-09T08:50:00.000Z,14.0,73,8.3,19,1022.0,18.1,0.0,0,956.7,1020.2
BER,2016-08-09T09:00:00.000Z,14.0,70,9.0,43,1021.9,18.4,0.0,0,956.6,1020.1
BER,2016-08-09T09:10:00.000Z,16.9,72,9.4,30,1022.0,18.6,0.0,0,956.7,1020.1
BER,2016-08-09T09:20:00.000Z,19.4,71,9.7,44,1022.1,18.4,0.0,0,956.8,1020.3
BER,2016-08-09T09:30:00.000Z,21.2,68,12.6,41,1022.1,18.2,0.0,0,956.8,1020.3
BER,2016-08-09T09:40:00.000Z,19.4,71,10.8,48,1022.1,18.2,0.0,0,956.8,1020.3
BER,2016-08-09T09:50:00.000Z,17.3,69,8.6,39,1022.2,18.0,0.0,0,956.9,1020.5
BER,2016-08-09T10:00:00.000Z,17.6,70,10.1,19,1022.1,18.0,0.0,0,956.8,1020.4
BER,2016-08-09T10:10:00.000Z,19.4,69,11.9,56,1022.0,17.9,0.0,0,956.7,1020.3
BER,2016-08-09T10:10:00.000Z,19.4,69,11.9,56,1022.0,17.9,0.0,0,956.7,1020.3
BER,2016-08-09T10:20:00.000Z,19.1,70,10.8,54,1022.0,17.9,0.0,0,956.7,1020.3
BER,2016-08-09T10:30:00.000Z,17.3,70,10.1,47,1022.0,17.8,0.0,0,956.7,1020.3
BER,2016-08-09T10:40:00.000Z,19.1,68,10.1,44,1022.0,18.0,0.0,0,956.7,1020.3
BER,2016-08-09T10:50:00.000Z,21.2,70,11.5,51,1021.9,18.0,0.0,0,956.6,1020.2
BER,2016-08-09T11:00:00.000Z,17.6,70,10.1,50,1021.8,18.5,0.0,0,956.5,1019.9
BER,2016-08-09T11:10:00.000Z,16.9,70,10.4,45,1021.8,18.1,0.0,0,956.5,1020.0
BER,2016-08-09T11:20:00.000Z,21.2,67,13.3,2,1021.8,18.3,0.0,0,956.5,1020.0
BER,2016-08-09T11:30:00.000Z,23.8,71,13.0,15,1021.9,17.5,0.0,0,956.6,1020.3
BER,2016-08-09T11:40:00.000Z,21.6,73,14.4,15,1022.0,17.3,0.0,0,956.7,1020.4
BER,2016-08-09T11:50:00.000Z,23.4,72,14.8,48,1022.1,17.2,0.0,0,956.8,1020.6
BER,2016-08-09T12:00:00.000Z,16.6,75,8.3,44,1022.1,17.0,0.0,0,956.8,1020.6
BER,2016-08-09T12:10:00.000Z,15.5,72,9.7,50,1022.2,17.1,0.0,0,956.9,1020.7
BER,2016-08-09T12:20:00.000Z,14.4,74,8.6,61,1022.3,17.0,0.0,0,957.0,1020.8
BER,2016-08-09T12:30:00.000Z,14.8,71,8.6,54,1022.3,17.2,0.0,0,957.0,1020.8
BER,2016-08-09T12:40:00.000Z,15.5,72,9.4,49,1022.3,17.4,0.0,0,957.0,1020.7
BER,2016-08-09T12:50:00.000Z,20.2,71,10.1,30,1022.3,17.2,0.0,0,957.0,1020.8
BER,2016-08-09T13:00:00.000Z,16.2,71,9.7,37,1022.3,17.0,0.0,0,957.0,1020.8
BER,2016-08-09T13:10:00.000Z,19.4,69,10.8,47,1022.3,17.0,0.0,0,957.0,1020.8
BER,2016-08-09T13:20:00.000Z,21.2,75,13.3,32,1022.4,16.4,0.0,0,957.1,1021.1
BER,2016-08-09T13:30:00.000Z,26.3,77,12.6,35,1022.4,16.1,0.0,0,957.1,1021.1
BER,2016-08-09T13:40:00.000Z,20.5,75,11.2,17,1022.5,15.9,0.0,0,957.2,1021.3
BER,2016-08-09T13:50:00.000Z,18.7,75,11.9,22,1022.5,15.8,0.0,0,957.2,1021.3
BER,2016-08-09T14:00:00.000Z,14.4,76,9.7,33,1022.4,15.7,0.0,0,957.1,1021.2
BER,2016-08-09T14:10:00.000Z,17.6,79,10.1,26,1022.3,15.6,0.0,0,957.0,1021.1
BER,2016-08-09T14:20:00.000Z,16.9,79,8.3,34,1022.3,15.4,0.0,0,957.0,1021.2
BER,2016-08-09T14:30:00.000Z,16.6,77,10.4,48,1022.4,15.5,0.0,0,957.1,1021.3
BER,2016-08-09T14:40:00.000Z,15.5,79,9.7,46,1022.3,15.3,0.0,0,957.0,1021.2
BER,2016-08-09T14:50:00.000Z,22.7,78,12.6,29,1022.3,15.0,0.0,0,957.0,1021.3
BER,2016-08-09T15:00:00.000Z,20.2,84,9.7,30,1022.3,14.6,0.1,0,957.0,1021.4
BER,2016-08-09T15:10:00.000Z,13.3,89,9.0,30,1022.3,14.2,0.2,0,957.0,1021.5
BER,2016-08-09T15:20:00.000Z,13.7,91,8.6,27,1022.3,13.9,0.2,0,957.0,1021.6
BER,2016-08-09T15:30:00.000Z,17.3,92,10.4,29,1022.3,13.8,0.2,0,957.0,1021.6
BER,2016-08-09T15:40:00.000Z,18.7,92,10.4,37,1022.3,13.6,0.1,0,957.0,1021.6
BER,2016-08-09T15:50:00.000Z,19.1,92,10.1,46,1022.3,13.4,0.0,0,957.0,1021.7
BER,2016-08-09T16:00:00.000Z,15.8,89,9.0,52,1022.3,13.4,0.2,0,957.0,1021.7
BER,2016-08-09T16:10:00.000Z,10.1,90,5.4,55,1022.3,13.5,0.1,0,957.0,1021.7
BER,2016-08-09T16:20:00.000Z,2.9,89,1.1,97,1022.3,13.7,0.1,0,957.0,1021.6
BER,2016-08-09T16:30:00.000Z,8.3,87,1.8,163,1022.2,13.6,0.1,0,956.9,1021.5
BER,2016-08-09T16:40:00.000Z,5.0,85,2.2,131,1022.3,13.7,0.0,0,957.0,1021.6
BER,2016-08-09T16:50:00.000Z,3.6,84,1.8,152,1022.2,13.7,0.0,0,956.9,1021.5
BER,2016-08-09T17:00:00.000Z,2.9,85,1.1,217,1022.2,13.8,0.0,0,956.9,1021.5
BER,2016-08-09T17:10:00.000Z,4.0,91,2.5,268,1022.2,13.7,0.0,0,956.9,1021.5
BER,2016-08-09T17:20:00.000Z,5.0,89,3.2,208,1022.2,13.7,0.0,0,956.9,1021.5
BER,2016-08-09T17:30:00.000Z,7.9,89,5.0,154,1022.3,13.6,0.1,0,957.0,1021.6
BER,2016-08-09T17:40:00.000Z,6.8,91,4.7,162,1022.3,13.6,0.1,0,957.0,1021.6
BER,2016-08-09T17:50:00.000Z,6.5,90,4.7,158,1022.4,13.5,0.0,0,957.1,1021.8
BER,2016-08-09T18:00:00.000Z,5.8,91,3.6,158,1022.3,13.5,0.0,0,957.0,1021.7
BER,2016-08-09T18:10:00.000Z,8.3,91,5.8,159,1022.4,13.4,0.1,0,957.1,1021.8
BER,2016-08-09T18:20:00.000Z,7.6,91,4.7,151,1022.4,13.4,0.1,0,957.1,1021.8
BER,2016-08-09T18:30:00.000Z,7.6,91,4.0,162,1022.4,13.5,0.1,0,957.1,1021.8
BER,2016-08-09T18:40:00.000Z,3.2,91,1.8,171,1022.4,13.3,0.0,0,957.1,1021.8
BER,2016-08-09T18:50:00.000Z,6.5,92,3.6,165,1022.4,13.2,0.2,0,957.1,1021.8
BER,2016-08-09T19:00:00.000Z,10.1,91,5.4,173,1022.4,13.2,0.0,0,957.1,1021.8
BER,2016-08-09T19:10:00.000Z,13.3,92,7.9,160,1022.5,13.2,0.1,0,957.2,1021.9
BER,2016-08-09T19:20:00.000Z,11.9,92,7.2,150,1022.5,13.1,0.1,0,957.2,1022.0
BER,2016-08-09T19:30:00.000Z,9.0,93,5.4,157,1022.5,13.2,0.1,0,957.2,1021.9
BER,2016-08-09T19:40:00.000Z,10.8,92,6.1,146,1022.5,13.1,0.4,0,957.2,1022.0
BER,2016-08-09T19:50:00.000Z,8.3,92,4.0,178,1022.5,13.1,0.2,0,957.2,1022.0
BER,2016-08-09T20:00:00.000Z,7.2,92,4.3,175,1022.6,13.2,0.1,0,957.3,1022.0
BER,2016-08-09T20:10:00.000Z,9.7,92,5.0,181,1022.7,13.1,0.1,0,957.4,1022.2
BER,2016-08-09T20:20:00.000Z,9.7,91,5.0,157,1022.6,13.1,0.0,0,957.3,1022.1
BER,2016-08-09T20:30:00.000Z,7.6,93,5.0,159,1022.5,13.1,0.0,0,957.2,1022.0
BER,2016-08-09T20:40:00.000Z,11.2,90,6.8,150,1022.5,13.0,0.0,0,957.2,1022.0
BER,2016-08-09T20:50:00.000Z,10.8,90,6.5,153,1022.5,13.0,0.0,0,957.2,1022.0
BER,2016-08-09T21:00:00.000Z,10.4,91,6.1,163,1022.5,12.9,0.0,0,957.2,1022.0
BER,2016-08-09T21:10:00.000Z,10.4,90,6.5,166,1022.5,12.9,0.0,0,957.2,1022.0
BER,2016-08-09T21:20:00.000Z,10.4,89,6.1,163,1022.5,12.9,0.0,0,957.2,1022.0
BER,2016-08-09T21:30:00.000Z,8.6,89,4.7,168,1022.5,12.8,0.0,0,957.2,1022.0
BER,2016-08-09T21:40:00.000Z,8.3,89,5.0,161,1022.5,12.8,0.0,0,957.2,1022.0
BER,2016-08-09T21:50:00.000Z,9.0,89,5.8,163,1022.5,12.7,0.0,0,957.2,1022.1
BER,2016-08-09T22:00:00.000Z,10.1,89,6.1,163,1022.5,12.7,0.0,0,957.2,1022.1
BER,2016-08-09T22:10:00.000Z,10.4,88,5.8,184,1022.5,12.7,0.0,0,957.2,1022.1
BER,2016-08-09T22:20:00.000Z,11.5,88,7.2,181,1022.4,12.6,0.0,0,957.1,1022.0
BER,2016-08-09T22:30:00.000Z,9.7,89,6.5,179,1022.4,12.5,0.0,0,957.1,1022.0
BER,2016-08-09T22:50:00.000Z,9.0,88,6.1,174,1022.2,12.5,0.0,0,956.9,1021.8
BER,2016-08-09T23:00:00.000Z,12.6,87,7.9,177,1022.2,12.6,0.0,0,956.9,1021.8
BER,2016-08-09T23:00:00.000Z,12.6,87,7.9,177,1022.2,12.6,0.0,0,956.9,1021.8
BER,2016-08-09T23:20:00.000Z,7.2,89,3.6,174,1022.1,12.3,0.0,0,956.8,1021.7
BER,2016-08-09T23:20:00.000Z,7.2,89,3.6,174,1022.1,12.3,0.0,0,956.8,1021.7
BER,2016-08-09T23:40:00.000Z,11.9,88,7.2,164,1022.1,12.4,0.0,0,956.8,1021.7
BER,2016-08-09T23:50:00.000Z,12.2,89,8.3,162,1022.0,12.3,0.0,0,956.7,1021.6
BER,2016-08-10T00:00:00.000Z,10.1,90,6.5,170,1021.9,12.3,0.0,0,956.6,1021.5
BER,2016-08-10T00:00:00.000Z,10.1,90,6.5,170,1021.9,12.3,0.0,0,956.6,1021.5
BER,2016-08-10T00:20:00.000Z,9.4,90,5.4,189,1021.6,12.4,0.0,0,956.3,1021.2
BER,2016-08-10T00:30:00.000Z,7.2,91,3.6,188,1021.5,12.3,0.0,0,956.2,1021.1
BER,2016-08-10T00:40:00.000Z,5.8,90,2.5,196,1021.5,12.2,0.0,0,956.2,1021.1
BER,2016-08-10T00:50:00.000Z,2.5,94,1.1,281,1021.4,11.9,0.0,0,956.1,1021.1
BER,2016-08-10T01:00:00.000Z,1.4,95,0.4,84,1021.3,11.7,0.0,0,956.0,1021.0
BER,2016-08-10T01:10:00.000Z,3.2,95,1.4,105,1021.3,11.4,0.0,0,956.0,1021.1
BER,2016-08-10T01:20:00.000Z,2.9,94,1.8,108,1021.3,11.3,0.0,0,956.0,1021.1
BER,2016-08-10T01:30:00.000Z,3.2,96,1.4,48,1021.3,10.8,0.0,0,956.0,1021.2
BER,2016-08-10T01:40:00.000Z,4.3,96,1.1,35,1021.2,10.4,0.0,0,955.9,1021.2
BER,2016-08-10T01:50:00.000Z,4.7,94,3.2,130,1021.2,10.8,0.0,0,955.9,1021.1
BER,2016-08-10T02:00:00.000Z,4.3,95,2.9,159,1021.3,10.8,0.0,0,956.0,1021.2
BER,2016-08-10T02:10:00.000Z,2.2,95,0.4,231,1021.3,10.7,0.0,0,956.0,1021.3
