,d1,d2,area,population,density,lat,lon,B,K,L,shortname,x,y,Lp10T,Bp10T,Kp10T,logdensity
??? ???,???,???,1040.07,219067.0,210.6271693251416,37.751853000000004,128.8760574,0.0,1.0,6.0,??,11,4,0.2738888102726563,0.0,0.04564813504544272,2.3235143911938674
??? ???,???,???,664.19,30802.0,46.37528418073141,38.3801292,128.46743850000001,0.0,0.0,1.0,??(??),9,0,0.32465424323095904,0.0,0.0,1.6662865839221939
??? ???,???,???,180.01,95850.0,532.4704183100938,37.52471920000001,129.1142915,0.0,0.0,3.0,??,11,5,0.3129890453834116,0.0,0.0,2.726295485309741
??? ???,???,???,1185.8,72431.0,61.081969978073886,37.4498683,129.16520590000002,0.0,0.0,1.0,??,11,8,0.1380624318316743,0.0,0.0,1.7859130352083925
??? ???,???,???,105.25,84568.0,803.4964370546318,38.207014799999996,128.59184879999998,1.0,0.0,3.0,??,9,1,0.3547441112477533,0.11824803708258443,0.0,2.904983955311008
??? ???,???,???,700.8,21526.0,30.71632420091325,38.1100701,127.9898825,0.0,0.0,1.0,??,8,0,0.46455449224194,0.0,0.0,1.4873692427795624
??? ???,???,???,628.68,28196.0,44.849525990965205,38.0753925,128.6188503,0.0,0.0,0.0,??,10,2,0.0,0.0,0.0,1.6517578574002663
??? ???,???,???,1127.36,40522.0,35.94415271075788,37.183637,128.4617535,0.0,0.0,1.0,??,10,8,0.24677952717042595,0.0,0.0,1.5556282507134631
??? ???,???,???,867.3,310276.0,357.7493370229448,37.342218599999995,127.9201621,1.0,1.0,14.0,??,10,7,0.45121117972385877,0.032229369980275625,0.032229369980275625,2.553578837602901
??? ???,???,???,1646.08,31705.0,19.26091076982893,38.0694675,128.17069909999998,0.0,0.0,2.0,??,9,2,0.6308153288124901,0.0,0.0,1.2846768192869087
??? ???,???,???,1220.67,41000.0,33.58811144699222,37.3807549,128.66095049999998,0.0,1.0,1.0,??,11,6,0.24390243902439027,0.0,0.24390243902439027,1.526185585526454
??? ???,???,???,899.82,48054.0,53.40401413616056,38.146609000000005,127.31322560000001,0.0,0.0,2.0,??,6,0,0.41619844341782164,0.0,0.0,1.7275739021908016
??? ???,???,???,1116.35,267514.0,239.63273167017516,37.8813153,127.7299707,0.0,3.0,8.0,??,10,3,0.29904976935786537,0.0,0.11214366350919952,2.379546138478807
??? ???,???,???,303.57,50730.0,167.11137464176304,37.1640654,128.98556489999999,0.0,0.0,1.0,??,11,7,0.19712201852946976,0.0,0.0,2.2230060116888777
??? ???,???,???,1463.65,43989.0,30.054316264134183,37.370474,128.38997690000002,0.0,0.0,2.0,??,10,6,0.4546591193252859,0.0,0.0,1.4779068522150896
??? ???,???,???,1817.94,70264.0,38.65034049528587,37.6969518,127.8886827,2.0,0.0,1.0,??,10,4,0.14232039166571786,0.2846407833314357,0.0,1.5871533242458677
??? ???,???,???,909.45,24377.0,26.80411237561163,38.1056484,127.7080492,0.0,0.0,2.0,??,7,0,0.8204455019075358,0.0,0.0,1.4282014300371098
??? ???,???,???,997.82,44671.0,44.76859553827343,37.4917566,127.98492949999999,0.0,0.0,1.0,??,10,5,0.22385887936244991,0.0,0.0,1.6509734700916125
??? ???,???,???,843.04,58540.0,69.43917251850446,37.8315403,127.5098827,0.0,0.0,3.0,??,9,3,0.5124701059104886,0.0,0.0,1.8416045368690601
??? ???,???,???,267.33,951001.0,3557.404705794337,37.65835990000001,126.8320201,5.0,4.0,24.0,??,4,2,0.2523656652306359,0.052576180256382485,0.04206094420510599,3.5511332752209785
??? ???,???,???,35.813,72382.0,2021.1096529193308,37.429246,126.98744509999999,1.0,1.0,4.0,??,7,7,0.5526235804481777,0.13815589511204443,0.13815589511204443,3.305589876289148
??? ???,???,???,38.5,318154.0,8263.740259740258,37.478487799999996,126.8642888,2.0,2.0,8.0,??,3,3,0.2514505553914142,0.06286263884785355,0.06286263884785355,3.9171766582775005
??? ???,???,???,431.84,247957.0,574.1871989625787,37.4171413,127.2561413,1.0,0.0,6.0,??,8,7,0.2419774396367112,0.0403295732727852,0.0,2.7590535060255417
??? ???,???,???,33.3,197132.0,5919.879879879882,37.5943124,127.1295646,1.0,1.0,5.0,??,9,4,0.2536371568289268,0.050727431365785364,0.050727431365785364,3.772312894554914
??? ???,???,???,36.35,280801.0,7724.924346629987,37.3616703,126.9351741,1.0,1.0,3.0,??,5,8,0.10683722636315399,0.03561240878771799,0.03561240878771799,3.8878942348927272
??? ???,???,???,276.64,237566.0,858.755060728745,37.6152464,126.7156325,1.0,3.0,8.0,??,2,3,0.3367485246205265,0.042093565577565814,0.12628069673269746,2.933869309415604
??? ????,???,????,458.44,530699.0,1157.6193176860659,37.6360028,127.2165279,0.0,1.0,13.0,???,8,3,0.2449599490483306,0.0,0.01884307300371774,3.0635657654282418
??? ????,???,????,95.68,95779.0,1001.0346989966556,37.9034112,127.0605075,1.0,0.0,3.0,???,7,2,0.3132210609841406,0.10440702032804686,0.0,3.000449131746644
??? ???,???,???,53.44,884976.0,16560.179640718565,37.5034138,126.76603090000002,3.0,4.0,19.0,??,2,4,0.21469508777639168,0.03389922438574605,0.04519896584766141,4.219065043593163
??? ???,???,???,141.82,979035.0,6903.363418417713,37.444916799999994,127.1388684,7.0,5.0,19.0,??,7,8,0.19406864923113065,0.07149897603252182,0.05107069716608701,3.839060736847522
??? ???,???,???,121.09,1071313.0,8847.245850194071,37.263572700000005,127.02860090000001,12.0,8.0,27.0,??,6,9,0.2520271853323912,0.11201208236995164,0.07467472157996777,3.9468080957578566
??? ???,???,???,134.4,413749.0,3078.489583333333,37.379887700000005,126.8031025,0.0,0.0,15.0,??,3,5,0.36253864057677476,0.0,0.0,3.4883376884103634
??? ???,???,???,144.78,739493.0,5107.701339964084,37.321877799999996,126.8308848,2.0,5.0,16.0,??,3,6,0.21636445510640398,0.027045556888300498,0.06761389222075125,3.7082254950522984
??? ???,???,???,554.2,177007.0,319.39191627571273,37.0079695,127.27967859999998,0.0,0.0,6.0,??,4,8,0.33896964526826623,0.0,0.0,2.504323920063959
??? ???,???,???,58.52,623511.0,10654.665071770334,37.3942527,126.9568209,3.0,3.0,13.0,??,3,4,0.20849672259190294,0.048114628290439145,0.048114628290439145,4.027539802265315
??? ???,???,???,310.31,189492.0,610.6538622667655,37.7852875,127.0458453,0.0,0.0,5.0,??,8,2,0.26386338209528637,0.0,0.0,2.785795108271795
??? ???,???,???,877.08,92529.0,105.4966479682583,37.4912195,127.4875607,0.0,0.0,2.0,??,9,6,0.2161484507559792,0.0,0.0,2.0232386606572565
??? ???,???,???,608.64,110277.0,181.18592271293372,37.2980237,127.6371628,1.0,0.0,4.0,??,9,7,0.3627229612702558,0.09068074031756394,0.0,2.2581244520295956
??? ???,???,???,695.23,46002.0,66.16803072364542,38.096443799999996,127.0748335,0.0,0.0,1.0,??,7,1,0.21738185296291465,0.0,0.0,1.8206482094723575
??? ???,???,???,42.74,163498.0,3825.409452503509,37.149809600000005,127.07722120000001,2.0,1.0,4.0,??,3,8,0.24465131071939716,0.12232565535969858,0.06116282767984929,3.5826779266650353
??? ???,???,???,591.5,854054.0,1443.8782755705836,37.2410864,127.1775537,4.0,4.0,23.0,??,7,9,0.26930381451289964,0.04683544600224342,0.04683544600224342,3.1595305821004662
??? ???,???,???,54.0,142161.0,2632.6111111111113,37.344701,126.96831040000001,0.0,0.0,4.0,??,6,8,0.2813711214749474,0.0,0.0,3.420386709933157
??? ????,???,????,81.59,435401.0,5336.450545409976,37.73809800000001,127.03368190000002,2.0,2.0,11.0,???,7,3,0.2526406691762306,0.04593466712295102,0.04593466712295102,3.727252489035402
??? ???,???,???,461.02,201285.0,436.6079562708777,37.271995200000006,127.43482209999999,2.0,1.0,6.0,??,8,8,0.29808480512705865,0.09936160170901956,0.04968080085450978,2.640091645557855
??? ???,???,???,672.56,331504.0,492.8987748304983,37.7598688,126.7801781,1.0,0.0,12.0,??,3,2,0.36198658236401365,0.030165548530334478,0.0,2.6927577386558093
??? ???,???,???,452.31,421231.0,931.2882757400896,36.9921075,127.11294509999999,1.0,1.0,13.0,??,5,9,0.30861926116548877,0.02373994316657606,0.02373994316657606,2.9690841355293505
??? ???,???,???,826.38,168246.0,203.59398823785668,37.894914799999995,127.2003551,0.0,1.0,6.0,??,8,1,0.35662066260119113,0.0,0.05943677710019852,2.3087649499236984
??? ???,???,???,93.1,150345.0,1614.8764769065522,37.5392646,127.2148919,1.0,1.0,3.0,??,9,5,0.199541055572184,0.06651368519072799,0.06651368519072799,3.2081393084321324
??? ???,???,???,688.1,515162.0,748.6731579712251,37.199493200000006,126.83118870000001,1.0,2.0,17.0,??,3,7,0.3299932836661089,0.01941136962741817,0.03882273925483634,2.874292262734087
???? ???,????,???,400.7,233589.0,582.9523334165211,34.8806427,128.6210824,1.0,0.0,7.0,??,9,20,0.2996716454970054,0.04281023507100078,0.0,2.7656330450154436
???? ???,????,???,804.09,63585.0,79.0769689960079,35.6867229,127.9095155,0.0,0.0,1.0,??,6,15,0.15726979633561375,0.0,0.0,1.8980500145422954
???? ???,????,???,517.06,58554.0,113.2441109349012,34.973149,128.3222456,0.0,0.0,1.0,??(??),7,19,0.17078252553198756,0.0,0.0,2.054015626534968
???? ???,????,???,463.26,505056.0,1090.2214739023443,35.2285451,128.8893517,1.0,5.0,14.0,??,8,19,0.27719698409681304,0.01979978457834379,0.09899892289171895,3.0375147319986366
???? ???,????,???,357.0,50767.0,142.2044817927171,34.8376721,127.89242340000001,0.0,0.0,1.0,??,6,19,0.1969783520791065,0.0,0.0,2.1529132840672607
???? ???,????,???,799.03,111112.0,139.0586085628825,35.5037598,128.7464415,0.0,0.0,2.0,??,8,16,0.17999856001151993,0.0,0.0,2.143197879468658
???? ???,????,???,396.3,114554.0,289.0587938430482,35.00377879999999,128.064185,0.0,0.0,2.0,??,6,18,0.17459014962375824,0.0,0.0,2.460986186163709
???? ???,????,???,794.59,35239.0,44.348657798361415,35.4155885,127.87349809999999,0.0,0.0,0.0,??,5,18,0.0,0.0,0.0,1.6468804805468664
???? ???,????,???,404.38,254207.0,628.6339581581681,35.33500720000001,129.0371689,0.0,1.0,6.0,??,8,17,0.236028118816555,0.0,0.039338019802759173,2.7983978374552954
???? ???,????,???,482.95,30965.0,64.11636815405322,35.3221896,128.261658,0.0,0.0,0.0,??,7,16,0.0,0.0,0.0,1.8069689139421592
???? ???,????,???,712.62,334765.0,469.76649546743005,35.179981700000006,128.1076213,1.0,2.0,13.0,??,6,17,0.38833211357220737,0.02987170104401595,0.0597434020880319,2.6718820389369116
???? ???,????,???,533.09,62085.0,116.46251102065315,35.544556299999996,128.4922143,0.0,0.0,2.0,??,7,15,0.3221390029797858,0.0,0.0,2.0661861495935527
???? ???,????,???,734.87,1081499.0,1471.6875093553965,35.25384329999999,128.64026090000002,4.0,4.0,33.0,??,7,18,0.305132043580253,0.03698570225215187,0.03698570225215187,3.1678156039078127
???? ???,????,???,236.5,140569.0,594.3720930232557,34.8544227,128.43318200000002,0.0,0.0,3.0,??,8,20,0.21341832125148505,0.0,0.0,2.774058410223367
???? ???,????,???,675.57,52301.0,77.41758811078051,35.0672108,127.7512687,0.0,0.0,1.0,??,5,19,0.19120093306055333,0.0,0.0,1.8888396370617866
???? ???,????,???,417.0,68926.0,165.29016786570745,35.2725591,128.4064797,0.0,0.0,1.0,??,7,17,0.14508313263499986,0.0,0.0,2.218247020730154
???? ???,????,???,725.03,41072.0,56.64869039901797,35.52046139999999,127.7251763,0.0,0.0,1.0,??,6,16,0.24347487339306584,0.0,0.0,1.7531898743220262
???? ???,????,???,983.42,53381.0,54.28097862561266,35.566575799999995,128.16579950000002,0.0,0.0,1.0,??,7,14,0.18733257151420918,0.0,0.0,1.7346476689042831
???? ???,????,???,411.58,242809.0,589.9436318577191,35.8250555,128.7415441,1.0,2.0,8.0,??,11,12,0.3294770786914818,0.041184634836435224,0.08236926967287045,2.7708105175020763
???? ???,????,???,1323.85,272331.0,205.71137213430526,35.8561719,129.2247477,1.0,0.0,7.0,??,12,12,0.2570401459988029,0.03672002085697185,0.0,2.3132583010221857
???? ???,????,???,383.7,35679.0,92.98670836591087,35.7261415,128.262953,0.0,0.0,1.0,??,7,13,0.2802769135906275,0.0,0.0,1.9684208744046485
???? ???,????,???,616.1,401222.0,651.2286966401557,36.119485,128.34457340000003,2.0,0.0,15.0,??,9,10,0.3738578642247932,0.04984771522997243,0.0,2.8137335296542956
???? ???,????,???,614.15,25377.0,41.32052430188065,36.2428355,128.5727702,0.0,0.0,0.0,??,9,11,0.0,0.0,0.0,1.616165823495429
???? ???,????,???,1009.56,137796.0,136.49114465707834,36.1398393,128.1135947,0.0,0.0,5.0,??,8,11,0.36285523527533453,0.0,0.0,2.1351044759092344
???? ???,????,???,912.0,77142.0,84.58552631578948,36.586148,128.1867972,0.0,0.0,3.0,??,9,8,0.3888932099245547,0.0,0.0,1.9272960559592436
???? ???,????,???,1201.0,34539.0,28.75853455453789,36.8930933,128.7323752,0.0,0.0,1.0,??,11,9,0.2895277801905093,0.0,0.0,1.4587667519788277
???? ???,????,???,1254.82,106990.0,85.2632250043831,36.4109466,128.1590828,1.0,0.0,1.0,??,8,9,0.09346667912889055,0.09346667912889055,0.0,1.9307617554178353
???? ???,????,???,616.28,46543.0,75.52248977737392,35.9190079,128.28297379999998,0.0,0.0,1.0,??,8,12,0.21485508024837247,0.0,0.0,1.8780762990700803
???? ???,????,???,1519.0,168866.0,111.16919025674784,36.568354299999996,128.729357,1.0,0.0,5.0,??,10,10,0.29609275993983397,0.059218551987966786,0.0,2.045984442322774
???? ???,????,???,741.05,42053.0,56.747857769381284,36.41507989999999,129.36596809999998,0.0,0.0,1.0,??,12,10,0.23779516324637956,0.0,0.0,1.7539494715656543
???? ???,????,???,815.11,18666.0,22.899976690262665,36.666655799999994,129.1124007,0.0,0.0,0.0,??,11,10,0.0,0.0,0.0,1.3598350402745845
???? ???,????,???,668.45,114334.0,171.04345874784946,36.80568579999999,128.6240551,0.0,0.0,4.0,??,10,9,0.349852187450802,0.0,0.0,2.2331064700204424
???? ???,????,???,919.76,104916.0,114.06888753587893,35.97329149999999,128.9385493,0.0,0.0,2.0,??,10,12,0.19062869343093522,0.0,0.0,2.057167206083209
???? ???,????,???,660.7,47723.0,72.23096715604663,36.657700399999996,128.4528808,0.0,0.0,1.0,??,9,9,0.20954256857280554,0.0,0.0,1.8587234300025057
???? ???,????,???,72.82,10398.0,142.7904421862126,37.4844171,130.90580020000002,0.0,0.0,0.0,??,13,6,0.0,0.0,0.0,2.1546991384996357
???? ???,????,???,989.06,53087.0,53.674195700968596,36.9930661,129.4004195,0.0,0.0,1.0,??,12,9,0.18837003409497619,0.0,0.0,1.729765545325366
???? ???,????,???,1175.89,59608.0,50.691816411399024,36.3526576,128.6970053,0.0,0.0,0.0,??,10,11,0.0,0.0,0.0,1.7049378533325743
???? ???,????,???,696.52,44733.0,64.22356859817378,35.6472706,128.7339107,0.0,0.0,1.0,??,8,13,0.22354861064538484,0.0,0.0,1.8076944335792235
???? ???,????,???,842.45,27067.0,32.12890972758027,36.4359045,129.05710770000002,0.0,0.0,0.0,??,11,11,0.0,0.0,0.0,1.5068959883174844
???? ???,????,???,451.0,120004.0,266.0842572062084,35.9953059,128.4015434,0.0,0.0,2.0,??,9,12,0.16666111129629013,0.0,0.0,2.425019180411125
???? ???,????,???,1127.0,513343.0,455.49511978704527,36.01901779999999,129.3434808,1.0,4.0,10.0,??,12,11,0.19480152646476137,0.01948015264647614,0.07792061058590456,2.658483728266403
????? ???,?????,???,222.88,348512.0,1563.67552045944,35.139463799999994,126.7937183,3.0,1.0,11.0,????,2,19,0.3156275824074924,0.08608024974749794,0.02869341658249931,3.1941466372825755
????? ??,?????,??,61.07,214640.0,3514.6553135745867,35.1221068,126.90795790000001,1.0,1.0,4.0,????,2,21,0.18635855385762204,0.04658963846440551,0.04658963846440551,3.545882739668017
????? ??,?????,??,48.86,108924.0,2229.3082275890297,35.1461042,126.92312279999999,1.0,0.0,4.0,????,3,20,0.36722852631192393,0.09180713157798098,0.0,3.348170118855611
????? ??,?????,??,121.74,472753.0,3883.300476425169,35.1740167,126.91198419999999,3.0,1.0,11.0,????,3,19,0.23267964455011392,0.06345808487730378,0.021152694959101267,3.5892009960584415
????? ??,?????,??,46.73,300999.0,6441.236892788359,35.1528248,126.89109769999999,2.0,2.0,9.0,????,2,20,0.2990043156289556,0.06644540347310124,0.06644540347310124,3.8089692717283232
????? ??,?????,??,17.44,172701.0,9902.580275229355,35.846022399999995,128.5975291,0.0,1.0,4.0,????,9,14,0.23161417710378054,0.0,0.057903544275945136,3.995748371697167
????? ???,?????,???,62.3,604938.0,9710.08025682183,35.8298561,128.5327576,2.0,3.0,11.0,????,8,15,0.18183681633489712,0.03306123933361766,0.04959185900042649,3.9872228195012913
????? ???,?????,???,427.03,178477.0,417.9495585790226,35.7746388,128.43171370000002,0.0,0.0,7.0,??,9,15,0.3922073992727354,0.0,0.0,2.6211238708835127
????? ??,?????,??,182.35,332787.0,1824.9904030710168,35.8866012,128.6353024,2.0,0.0,12.0,????,11,13,0.360591008663199,0.0600985014438665,0.0,3.261260585009338
????? ??,?????,??,95.5,457382.0,4789.340314136126,35.8857114,128.58280729999998,0.0,2.0,10.0,????,9,13,0.21863562623802424,0.0,0.043727125247604845,3.6802756976190016
????? ??,?????,??,17.5,227006.0,12971.771428571428,35.871768599999996,128.559115,0.0,1.0,6.0,????,8,14,0.2643101944441997,0.0,0.04405169907403328,4.112999287504426
????? ???,?????,???,76.49,457670.0,5983.396522421232,35.8582435,128.6306086,4.0,2.0,13.0,????,10,14,0.2840474577752529,0.0873992177770009,0.04369960888850045,3.776947784689486
????? ??,?????,??,7.08,78226.0,11048.870056497175,35.8693527,128.6061666,2.0,3.0,7.0,????,10,13,0.894843146779843,0.25566947050852656,0.3835042057627899,4.043317865955959
????? ???,?????,???,68.45,210114.0,3069.598246895544,36.3467189,127.4155717,0.0,0.0,7.0,????,5,12,0.3331524791303768,0.0,0.0,3.487081538156702
????? ??,?????,??,136.8,249367.0,1822.858187134503,36.3269986,127.43268259999999,1.0,0.0,9.0,????,5,13,0.3609138338272506,0.04010153709191673,0.0,3.2607528831691903
????? ??,?????,??,95.25,502949.0,5280.304461942257,36.3545224,127.3836025,3.0,3.0,16.0,????,4,14,0.3181237063797721,0.05964819494620727,0.05964819494620727,3.7226589646416386
????? ???,?????,???,177.16,270768.0,1528.3811244073154,36.362216,127.35613290000002,2.0,1.0,18.0,????,4,13,0.6647757489806772,0.07386397210896413,0.036931986054482065,3.1842316654882596
????? ??,?????,??,61.98,265467.0,4283.107454017425,36.3253046,127.4212387,1.0,2.0,7.0,????,5,14,0.26368625855567734,0.03766946550795391,0.07533893101590781,3.6317589700541544
????? ???,?????,???,179.05,63753.0,356.06255235967603,35.2122157,128.9805666,0.0,0.0,2.0,????,8,18,0.31371072733832134,0.0,0.0,2.55152630066459
????? ???,?????,???,65.19,254272.0,3900.4755330572175,35.2429921,129.0922773,0.0,3.0,5.0,????,10,15,0.19663981877674303,0.0,0.11798389126604582,3.591117557999063
????? ???,?????,???,217.9,90380.0,414.7774208352455,35.244549400000004,129.2221542,0.0,1.0,6.0,??,12,16,0.6638636866563399,0.0,0.11064394777605666,2.6178151067489273
????? ??,?????,??,25.91,301043.0,11618.795831725205,35.136559600000005,129.084364,2.0,0.0,5.0,????,11,19,0.16608922977780582,0.06643569191112234,0.0,4.065161120245707
????? ??,?????,??,9.77,102440.0,10485.158648925282,35.1390588,129.0569225,0.0,0.0,4.0,????,10,17,0.39047247169074584,0.0,0.0,4.020575006077619
????? ???,?????,???,16.6,282525.0,17019.578313253012,35.2048575,129.0836402,0.0,0.0,7.0,????,11,16,0.2477656844527033,0.0,0.0,4.230948795554912
????? ????,?????,????,29.7,398101.0,13404.074074074077,35.16300089999999,129.0531722,1.0,2.0,10.0,?????,10,16,0.2511925365673535,0.02511925365673535,0.0502385073134707,4.127236819183581
????? ??,?????,??,38.3,315606.0,8240.365535248042,35.1971347,128.99037109999998,0.0,1.0,6.0,????,9,16,0.19011045417387504,0.0,0.03168507569564583,3.915946477039362
????? ???,?????,???,35.8,258975.0,7233.938547486034,35.1526399,128.9908173,0.0,2.0,6.0,????,9,17,0.2316825948450623,0.0,0.07722753161502076,3.8593748150972798
????? ???,?????,???,40.89,363630.0,8892.883345561262,35.1044223,128.9747081,0.0,0.0,9.0,????,9,19,0.2475043313257982,0.0,0.0,3.9490425953954658
????? ??,?????,??,13.67,126811.0,9276.591075347476,35.09773,129.0241207,0.0,0.0,3.0,????,9,18,0.2365725370827452,0.0,0.0,3.96738841273261
????? ???,?????,???,10.16,178231.0,17542.42125984252,35.145615,129.1130831,0.0,0.0,3.0,????,11,18,0.16832088693886024,0.0,0.0,4.244089535849698
????? ???,?????,???,12.08,211184.0,17482.11920529801,35.1761938,129.0797244,0.0,1.0,7.0,????,11,17,0.33146450488673385,0.0,0.04735207212667627,4.242594077233231
????? ???,?????,???,13.98,149787.0,10714.377682403434,35.0912316,129.0681448,0.0,0.0,2.0,????,10,19,0.13352293590231462,0.0,0.0,4.029966951211074
????? ??,?????,??,2.8,49983.0,17851.07142857143,35.106146200000005,129.03234170000002,1.0,2.0,4.0,????,10,18,0.8002720925114539,0.20006802312786348,0.40013604625572696,4.25166428776204
????? ????,?????,????,51.44,427619.0,8312.966562986003,35.1631139,129.16355090000002,3.0,3.0,14.0,?????,12,17,0.3273942458122768,0.07015590981691645,0.07015590981691645,3.919756033654802
????? ???,?????,???,39.5,569499.0,14417.696202531646,37.51723629999999,127.04732479999998,20.0,9.0,7.0,????,6,7,0.1229150534065907,0.3511858668759735,0.15803364009418808,4.158895870198908
????? ???,?????,???,24.6,489655.0,19904.674796747968,37.5301251,127.12376200000001,3.0,5.0,10.0,????,8,5,0.20422542402303662,0.06126762720691099,0.10211271201151831,4.2989550864601025
????? ???,?????,???,23.6,343912.0,14572.542372881355,37.639609899999996,127.0256575,0.0,1.0,4.0,????,5,2,0.11630882318732699,0.0,0.029077205796831748,4.1635353268003215
????? ???,?????,???,41.4,579196.0,13990.241545893721,37.5509786,126.8495382,3.0,4.0,12.0,????,4,4,0.20718375126900046,0.051795937817250115,0.06906125042300015,4.145825212786551
????? ???,?????,???,29.6,547311.0,18490.236486486487,37.478406299999996,126.95161329999999,4.0,2.0,10.0,????,5,6,0.18271147482875366,0.07308458993150146,0.03654229496575073,4.266942465735665
????? ???,?????,???,17.05,386513.0,22669.384164222876,37.5384843,127.0822938,3.0,2.0,11.0,????,7,6,0.2845958609412879,0.07761705298398759,0.05174470198932507,4.355439722256532
????? ???,?????,???,20.11,449613.0,22357.68274490304,37.495403100000004,126.88736899999999,2.0,2.0,8.0,????,4,7,0.17793079826428504,0.04448269956607126,0.04448269956607126,4.349426789229928
????? ???,?????,???,13.01,263116.0,20224.135280553422,37.4518527,126.90203580000001,2.0,1.0,6.0,????,5,7,0.228036303379498,0.07601210112649934,0.03800605056324967,4.305869961635982
????? ???,?????,???,35.44,615161.0,17357.816027088036,37.6541917,127.056793,0.0,3.0,10.0,????,6,1,0.16255906990202562,0.0,0.04876772097060769,4.23949508103336
????? ???,?????,???,20.8,372398.0,17903.75,37.6687738,127.0470706,2.0,1.0,5.0,????,5,1,0.1342649530878254,0.05370598123513016,0.02685299061756508,4.252944004931678
????? ????,?????,????,14.2,374277.0,26357.53521126761,37.57436819999999,127.0400189,1.0,1.0,6.0,?????,7,4,0.16030907589833196,0.026718179316388663,0.026718179316388663,4.42090479536831
????? ???,?????,???,16.36,407973.0,24937.224938875308,37.512402,126.9392525,2.0,3.0,6.0,????,5,5,0.14706855600738283,0.04902285200246095,0.07353427800369142,4.396848122727567
????? ???,?????,???,23.87,392313.0,16435.40008378718,37.5637561,126.90842109999998,2.0,2.0,9.0,????,5,4,0.22940866094164608,0.05097970243147691,0.05097970243147691,4.215780280493471
????? ????,?????,????,17.6,336649.0,19127.784090909092,37.5791158,126.93677890000001,3.0,1.0,4.0,?????,5,3,0.11881811619817674,0.08911358714863256,0.029704529049544185,4.281664660940425
????? ???,?????,???,47.04,431131.0,9165.199829931971,37.483712100000005,127.0324112,9.0,8.0,5.0,????,6,6,0.11597403109495721,0.208753255970923,0.18555844975193156,3.962141938375232
????? ???,?????,???,16.85,316064.0,18757.507418397625,37.5633415,127.03710249999999,0.0,2.0,6.0,????,7,5,0.18983497013263137,0.0,0.06327832337754379,4.273175126881153
????? ???,?????,???,24.57,484457.0,19717.41961741962,37.589116,127.0182146,2.0,1.0,10.0,????,6,2,0.2064166685588195,0.041283333711763896,0.020641666855881948,4.294850079000674
????? ???,?????,???,33.9,689296.0,20333.21533923304,37.514543700000004,127.10659709999999,6.0,4.0,20.0,????,8,6,0.29015111069845173,0.08704533320953553,0.05803022213969035,4.308206060077891
????? ???,?????,???,17.4,506684.0,29119.77011494253,37.5168721,126.86639850000002,3.0,1.0,6.0,????,4,5,0.11841700152363208,0.05920850076181604,0.01973616692060535,4.464187942131177
????? ????,?????,????,24.56,441747.0,17986.441368078176,37.5263715,126.8962283,4.0,4.0,10.0,?????,4,6,0.2263739199134346,0.09054956796537385,0.09054956796537385,4.254945246331358
????? ???,?????,???,21.87,251200.0,11486.053955189756,37.53842720000001,126.96544420000001,4.0,5.0,8.0,????,6,5,0.3184713375796178,0.1592356687898089,0.19904458598726113,4.060170852027522
????? ???,?????,???,29.7,470782.0,15851.24579124579,37.602695700000005,126.9291119,2.0,1.0,8.0,????,4,3,0.16993003130960826,0.042482507827402066,0.021241253913701033,4.200063400244761
????? ???,?????,???,23.9,177543.0,7428.577405857741,37.572950299999995,126.97935790000001,2.0,5.0,5.0,????,6,3,0.28162191694406424,0.1126487667776257,0.28162191694406424,3.87090565306881
????? ??,?????,??,9.96,137861.0,13841.465863453814,37.5640907,126.9979403,7.0,3.0,5.0,????,6,4,0.36268415287862416,0.5077578140300738,0.21761049172717445,4.14118208598042
????? ???,?????,???,18.5,429700.0,23227.027027027027,37.606560200000004,127.0926519,1.0,2.0,8.0,????,8,4,0.18617640214102862,0.023272050267628578,0.046544100535257156,4.36599362528089
??????? ???,???????,???,465.23,132016.0,283.7650194527438,36.576144299999996,127.24707590000001,0.0,0.0,4.0,??,4,11,0.3029935765361774,0.0,0.0,2.452958857664861
????? ??,?????,??,72.11,347437.0,4818.152822077383,35.54368300000001,129.3298017,1.0,1.0,8.0,????,12,15,0.2302575718763402,0.028782196484542524,0.028782196484542524,3.6828805708247057
????? ??,?????,??,35.77,176552.0,4935.756220296337,35.50485629999999,129.4166007,1.0,0.0,5.0,????,12,14,0.2832026824958086,0.05664053649916172,0.0,3.693353701512503
????? ??,?????,??,80.41,173677.0,2159.893048128343,35.58273399999999,129.3609087,0.0,0.0,5.0,????,12,13,0.2878907397064666,0.0,0.0,3.3344322466334892
????? ???,?????,???,754.93,200261.0,265.27095227372075,35.54,129.2,0.0,0.0,7.0,??,11,15,0.34954384528190713,0.0,0.0,2.423689696428206
????? ??,?????,??,37.0,231900.0,6267.567567567568,35.56879110000001,129.3321348,1.0,0.0,5.0,????,11,14,0.21561017680034497,0.04312203536006899,0.0,3.7970990245709926
????? ???,?????,???,411.2,67597.0,164.38959143968873,37.7467263,126.48787309999999,0.0,0.0,1.0,??,1,3,0.14793555927038182,0.0,0.0,2.2158743161029864
????? ???,?????,???,45.58,347296.0,7619.48222904783,37.53695039999999,126.73774350000001,1.0,2.0,8.0,????,2,5,0.23035105500783196,0.028793881875978995,0.05758776375195799,3.8819254604856064
????? ??,?????,??,24.47,426449.0,17427.421332243564,37.4636808,126.65047709999999,2.0,0.0,13.0,????,2,7,0.30484301757068255,0.046898925780105,0.0,4.241233130998294
????? ???,?????,???,56.9,474885.0,8345.957820738136,37.4469893,126.7319416,1.0,4.0,12.0,????,2,8,0.25269275719384693,0.021057729766153912,0.08423091906461565,3.921476185519835
????? ??,?????,??,7.05,78496.0,11134.18439716312,37.4738184,126.6433385,0.0,0.0,0.0,????,1,5,0.0,0.0,0.0,4.046658409534893
????? ???,?????,???,32.0,571700.0,17865.625,37.5069818,126.7217739,1.0,3.0,11.0,????,2,6,0.1924086059121917,0.017491691446562884,0.05247507433968865,4.252018213894367
????? ??,?????,??,137.05,405534.0,2959.022254651587,37.54542120000001,126.6759723,0.0,1.0,17.0,????,1,4,0.4192003629781967,0.0,0.024658844881070393,3.471148231478996
????? ???,?????,???,33.76,274596.0,8133.767772511849,37.4094099,126.6783088,3.0,1.0,8.0,????,1,8,0.29133709158181476,0.10925140934318053,0.036417136447726844,3.910291768688633
????? ???,?????,???,164.3,18328.0,111.5520389531345,37.213889,126.17833300000001,0.0,0.0,0.0,??,0,8,0.0,0.0,0.0,2.0474775127462794
????? ??,?????,??,110.6,93550.0,845.8408679927667,37.4737341,126.62147959999999,4.0,2.0,10.0,????,1,7,1.0689470871191877,0.42757883484767506,0.21378941742383753,2.927288664867349
???? ???,????,???,495.98,41428.0,83.52756159522559,34.6420774,126.767261,0.0,0.0,1.0,??,1,22,0.24138263976054844,0.0,0.0,1.9218298033118149
???? ???,????,???,775.85,75573.0,97.40671521557002,34.6112219,127.28497800000001,0.0,0.0,1.0,??,3,22,0.13232239027165787,0.0,0.0,1.9885888981572288
???? ???,????,???,547.37,32482.0,59.341944205930176,35.28195529999999,127.29191750000001,0.0,0.0,0.0,??,3,18,0.0,0.0,0.0,1.7733617709001903
???? ???,????,???,446.08,144628.0,324.21987087517937,34.9406968,127.6958882,0.0,0.0,4.0,??,5,20,0.2765716182205382,0.0,0.0,2.510839628485915
???? ???,????,???,443.01,27698.0,62.52229069321235,35.2024947,127.4626534,0.0,0.0,1.0,??,4,18,0.36103689797097266,0.0,0.0,1.7960348813304703
???? ???,????,???,603.69,92236.0,152.78702645397468,35.016060100000004,126.71075719999999,1.0,0.0,2.0,??,1,20,0.2168350752417711,0.10841753762088555,0.0,2.1840864787249066
???? ???,????,???,455.09,47886.0,105.22314267507528,35.3211394,126.9881673,0.0,0.0,2.0,??,2,18,0.41765860585557363,0.0,0.0,2.0221112686269036
???? ???,????,???,47.32,246364.0,5206.339814032122,34.8118351,126.39216640000001,1.0,1.0,8.0,??,0,20,0.3247227679368739,0.040590345992109235,0.040590345992109235,3.7165325107848806
???? ???,????,???,436.4,73830.0,169.17965169569203,34.99045419999999,126.48168559999999,1.0,0.0,3.0,??,1,19,0.4063388866314506,0.13544629554381687,0.0,2.2283481265061607
???? ???,????,???,663.16,49495.0,74.63508052355391,34.7714563,127.07989440000001,0.0,0.0,0.0,??,3,21,0.0,0.0,0.0,1.872943005713186
???? ???,????,???,907.35,271107.0,298.78988262522734,34.950637,127.4872135,1.0,1.0,9.0,??,4,20,0.33197224712014073,0.036885805235571195,0.036885805235571195,2.475365887673395
???? ???,????,???,653.13,45687.0,69.95085205089339,34.827332,126.101074,0.0,0.0,0.0,??,0,19,0.0,0.0,0.0,1.844793008874274
???? ???,????,???,501.3,295686.0,589.8384201077199,34.7603737,127.6622221,1.0,0.0,10.0,??,4,21,0.33819660044777233,0.03381966004477723,0.0,2.770733057631414
???? ???,????,???,472.97,57501.0,121.57430703850136,35.2771719,126.51198740000001,0.0,0.0,1.0,??,1,17,0.17391001895619207,0.0,0.0,2.084841802811774
???? ???,????,???,544.48,64508.0,118.47634440199823,34.8001685,126.6967918,0.0,0.0,1.0,??,1,21,0.1550195324610901,0.0,0.0,2.0736316455255355
???? ???,????,???,391.81,54645.0,139.4681095428907,34.3110596,126.7550541,0.0,0.0,1.0,??,2,23,0.18299935950224175,0.0,0.0,2.1444749141840633
???? ???,????,???,518.65,47047.0,90.71049840933192,35.3018333,126.78485409999999,0.0,0.0,1.0,??,2,17,0.21255340404276574,0.0,0.0,1.957657553183464
???? ???,????,???,617.96,42433.0,68.66625671564503,34.6816856,126.90692779999999,0.0,0.0,1.0,??,2,22,0.23566563759338252,0.0,0.0,1.836743372833986
???? ???,????,???,420.32,34181.0,81.3213741910925,34.4868712,126.26348529999999,0.0,0.0,0.0,??,0,22,0.0,0.0,0.0,1.9102047088563854
???? ???,????,???,392.77,37502.0,95.48081574458335,35.0659399,126.5165524,0.0,0.0,1.0,??,1,18,0.26665244520292253,0.0,0.0,1.9799161207647318
???? ???,????,???,887.47,81823.0,92.19804613113682,34.5732516,126.5989274,0.0,0.0,1.0,??,0,21,0.12221502511518766,0.0,0.0,1.9647217175454201
???? ???,????,???,786.23,70413.0,89.55776299556109,35.0645029,126.9864799,0.0,0.0,1.0,??,4,19,0.14201922940366127,0.0,0.0,1.9521032370863454
???? ???,????,???,606.9,60668.0,99.96375020596474,35.435821600000004,126.70208059999999,0.0,0.0,1.0,??,1,16,0.1648315421639085,0.0,0.0,1.9998425406037257
???? ???,????,???,234.74,270329.0,1151.610292238221,35.967677200000004,126.7366293,1.0,0.0,7.0,??,2,14,0.2589437315271391,0.03699196164673416,0.0,3.061305537625193
???? ???,????,???,545.06,95940.0,176.01731919421718,35.803607899999996,126.8808872,0.0,0.0,1.0,??,3,15,0.10423181154888472,0.0,0.0,2.2455554022483692
???? ???,????,???,752.74,88496.0,117.5651619417063,35.416357,127.39048770000001,0.0,0.0,2.0,??,5,17,0.225998915205207,0.0,0.0,2.0702786464171004
???? ???,????,???,631.68,25979.0,41.126836372847016,36.0068191,127.66078049999999,0.0,0.0,2.0,??,5,15,0.7698525732322261,0.0,0.0,1.6141253032689986
???? ???,????,???,493.54,60661.0,122.90999716335048,35.73156609999999,126.73346509999999,0.0,0.0,1.0,??,2,15,0.16485056296467251,0.0,0.0,2.089587208649688
???? ???,????,???,495.75,30471.0,61.46444780635401,35.3744136,127.13759679999998,0.0,0.0,1.0,??,3,17,0.32818089330839156,0.0,0.0,1.7886239842943148
???? ???,????,???,821.0,86076.0,104.84287454323996,35.891275,127.253895,0.0,0.0,2.0,??,4,15,0.2323528044983503,0.0,0.0,2.0205389197636214
???? ???,????,???,507.1,310255.0,611.822125813449,35.948285799999994,126.9575991,1.0,0.0,8.0,??,3,14,0.2578524117258384,0.0322315514657298,0.0,2.7866251786717644
???? ???,????,???,596.88,31127.0,52.149510789438416,35.6110549,127.28265990000001,0.0,0.0,1.0,??,4,17,0.3212644970604298,0.0,0.0,1.7172502386984285
???? ???,????,???,533.64,23740.0,44.48692002098793,35.647276700000006,127.5211363,0.0,0.0,0.0,??,5,16,0.0,0.0,0.0,1.6482323391220128
???? ???,????,???,206.45,639922.0,3099.646403487528,35.8242238,127.14795320000002,2.0,3.0,21.0,??,3,16,0.3281649951087789,0.03125380905797894,0.04688071358696841,3.4913121539075225
???? ???,????,???,692.8,122935.0,177.44659353348732,35.5698855,126.8558955,0.0,0.0,2.0,??,2,16,0.16268759913775574,0.0,0.0,2.2490676665530995
???? ???,????,???,788.94,27828.0,35.2726443075519,35.791729700000005,127.4248356,0.0,0.0,0.0,??,4,16,0.0,0.0,0.0,1.5474380189283468
??????? ????,???????,????,870.68,155641.0,178.75798226673405,33.2541205,126.560076,0.0,2.0,4.0,???,4,25,0.2570016897861104,0.0,0.1285008448930552,2.2522654439108494
??????? ???,???????,???,977.8,435396.0,445.2812436080998,33.4996213,126.5311884,1.0,0.0,9.0,??,4,24,0.20670837582338839,0.022967597313709818,0.0,2.6486344019152757
???? ???,????,???,60.7,42941.0,707.4299835255355,36.2745577,127.24858959999999,0.0,0.0,1.0,??,4,12,0.23287766936028506,0.0,0.0,2.849683462891414
???? ???,????,???,940.71,126542.0,134.51754525836867,36.4465346,127.1191534,0.0,0.0,4.0,??,4,10,0.31610058320557605,0.0,0.0,2.1287789334978453
???? ???,????,???,576.28,57209.0,99.27292288470885,36.10869279999999,127.48807120000001,0.0,0.0,1.0,??,3,13,0.17479767169501303,0.0,0.0,1.9968308089653701
???? ???,????,???,554.98,129597.0,233.5165231179502,36.187065600000004,127.0987453,0.0,0.0,4.0,??,3,12,0.3086491199641967,0.0,0.0,2.368317615716127
???? ???,????,???,694.13,141952.0,204.5034791753706,36.8936109,126.6283278,1.0,0.0,4.0,??,2,9,0.281785392245266,0.0704463480613165,0.0,2.310700700968358
???? ???,????,???,568.22,108141.0,190.31537080708176,36.3331629,126.61294409999999,0.0,0.0,4.0,??,2,11,0.36988746173976567,0.0,0.0,2.2794738654657873
???? ???,????,???,624.51,76295.0,122.1677795391587,36.2754406,126.910178,0.0,0.0,2.0,??,2,12,0.2621403761714398,0.0,0.0,2.0869566804281336
???? ???,????,???,739.15,161238.0,218.1397551241291,36.78449929999999,126.4503169,0.0,0.0,5.0,??,1,10,0.31010059663354794,0.0,0.0,2.338734821276372
???? ???,????,???,363.4,60672.0,166.95652173913044,36.0803312,126.6913277,0.0,0.0,1.0,??,2,13,0.16482067510548523,0.0,0.0,2.222603388349938
???? ???,????,???,542.2,300000.0,553.3013648100332,36.789796,127.0018494,1.0,0.0,11.0,??,3,9,0.36666666666666664,0.03333333333333333,0.0,2.7429617414751957
???? ???,????,???,543.1,88310.0,162.60357208617197,36.682612299999995,126.84839509999999,0.0,0.0,1.0,??,3,10,0.11323745895142112,0.0,0.0,2.2111300819731374
???? ???,????,???,636.5,551423.0,866.3362136684996,36.815129,127.11389390000001,3.0,2.0,24.0,??,4,9,0.4352375580996803,0.054404694762460036,0.03626979650830669,2.9376864686962283
???? ???,????,???,479.67,33012.0,68.82231534179748,36.4588326,126.80221159999999,0.0,0.0,1.0,??,3,11,0.3029201502483945,0.0,0.0,1.837729279201096
???? ???,????,???,504.82,63660.0,126.104354027178,36.745642100000005,126.2980528,0.0,0.0,1.0,??,1,9,0.15708451146716934,0.0,0.0,2.100730081793802
???? ???,????,???,443.9,88865.0,200.19148456859654,36.60123,126.6607764,0.0,0.0,3.0,??,2,10,0.3375907275080178,0.0,0.0,2.3014456001986314
???? ???,????,???,842.0,37273.0,44.26722090261283,36.815669,127.7865791,0.0,0.0,1.0,??,7,11,0.2682907198240013,0.0,0.0,1.6460822578147367
???? ???,????,???,781.07,32126.0,41.13075652630366,36.9845473,128.3655186,0.0,0.0,2.0,??,7,10,0.6225487144369047,0.0,0.0,1.6141666976486715
???? ???,????,???,584.45,35212.0,60.24809650098383,36.4894573,127.7294827,0.0,0.0,1.0,??,7,12,0.2839940929228672,0.0,0.0,1.7799433302149046
???? ???,????,???,845.01,50918.0,60.25727506183359,36.175023100000004,127.78343020000001,0.0,0.0,1.0,??,6,14,0.19639420244314387,0.0,0.0,1.7800094882340016
???? ???,????,???,537.13,54788.0,102.00137769255116,36.30636459999999,127.57128090000002,0.0,0.0,2.0,??,6,13,0.3650434401693802,0.0,0.0,2.0086060376465453
???? ???,????,???,521.05,94580.0,181.51808847519436,36.9396792,127.69050179999999,0.0,0.0,3.0,??,5,10,0.31719179530556146,0.0,0.0,2.2589199094467
???? ???,????,???,882.47,136966.0,155.20754246603286,37.1325821,128.19094809999999,0.0,0.0,3.0,??,8,10,0.2190324606106625,0.0,0.0,2.190912822410475
???? ???,????,???,81.84,33511.0,409.46969696969694,36.7855019,127.58165559999999,0.0,0.0,1.0,??,6,11,0.29840947748500496,0.0,0.0,2.6122217670834793
???? ???,????,???,406.08,64397.0,158.58205279747833,36.855379799999994,127.43611170000001,0.0,0.0,2.0,??,5,11,0.3105734739195925,0.0,0.0,2.20025403536456
???? ???,????,???,932.51,801281.0,859.2733589988312,36.6424341,127.48903190000001,6.0,6.0,29.0,??,6,12,0.361920474839663,0.07488009824268889,0.07488009824268889,2.934131347089629
???? ???,????,???,983.7,209074.0,212.53837552099216,36.9910113,127.9259497,1.0,0.0,5.0,??,6,10,0.23914977472091223,0.04782995494418244,0.0,2.3274373568442175
