week,COUNTRY_ACCOUSTIC,DANCE,LATIN,POP,RNB,ROCK,STANDARDS_JAZZ
1959-12-30,1,1,0,0,1,0,13
1960-01-06,2,1,0,0,1,0,14
1960-01-13,2,1,0,0,1,0,13
1960-01-20,2,1,0,0,1,0,14
1960-01-27,2,1,0,0,1,0,14
1960-02-03,4,0,0,0,0,0,12
1960-02-10,4,1,0,0,0,0,12
1960-02-17,4,2,0,0,1,0,12
1960-02-24,4,2,0,0,1,1,11
1960-03-02,3,2,0,0,1,1,13
1960-03-09,4,2,0,0,1,0,12
1960-03-16,3,2,0,0,1,1,11
1960-03-23,3,2,0,0,1,1,12
1960-03-30,4,2,0,0,1,0,11
1960-04-06,5,1,0,0,1,0,9
1960-04-13,4,1,0,0,1,0,9
1960-04-20,4,1,0,0,1,0,9
1960-04-27,4,0,0,0,0,0,10
1960-05-04,4,0,0,0,0,0,10
1960-05-11,4,1,0,0,1,0,10
1960-05-18,2,0,0,0,0,0,11
1960-05-25,2,0,0,0,0,0,10
1960-06-01,2,0,0,0,0,0,11
1960-06-08,1,1,0,0,1,0,11
1960-06-15,2,1,0,0,1,0,10
1960-06-22,1,1,0,0,1,0,11
1960-06-29,1,1,0,0,1,0,11
1960-07-06,2,2,0,0,1,1,9
1960-07-13,2,1,0,0,1,1,9
1960-07-20,2,1,0,0,1,1,10
1960-07-27,2,0,0,0,0,1,10
1960-08-03,3,0,0,0,0,1,10
1960-08-10,2,0,0,1,0,1,11
1960-08-17,1,2,0,1,2,1,10
1960-08-24,1,2,0,1,2,1,10
1960-08-31,1,1,0,1,1,1,11
1960-09-07,1,2,0,1,2,1,10
1960-09-21,0,3,0,1,3,0,9
1960-09-28,0,3,0,0,3,0,10
1960-10-12,1,3,0,0,4,0,9
1960-10-19,1,3,0,0,4,0,8
1960-10-26,1,3,0,0,4,0,9
1960-11-02,1,4,0,0,3,0,12
1960-11-09,3,4,0,0,4,0,10
1960-11-16,3,4,0,0,4,0,9
1960-11-23,3,4,0,0,4,0,8
1960-11-30,2,4,0,0,4,0,7
1960-12-07,2,4,0,0,4,0,8
1960-12-14,3,3,0,0,3,0,9
1960-12-21,3,1,0,0,1,1,10
1959-12-30,1,1,0,0,1,0,13
1960-01-06,2,1,0,0,1,0,14
1960-01-13,2,1,0,0,1,0,13
1960-01-20,2,1,0,0,1,0,14
1960-01-27,2,1,0,0,1,0,14
1960-02-03,4,0,0,0,0,0,12
1960-02-10,4,1,0,0,0,0,12
1960-02-17,4,2,0,0,1,0,12
1960-02-24,4,2,0,0,1,1,11
1960-03-02,3,2,0,0,1,1,13
1960-03-09,4,2,0,0,1,0,12
1960-03-16,3,2,0,0,1,1,11
1960-03-23,3,2,0,0,1,1,12
1960-03-30,4,2,0,0,1,0,11
1960-04-06,5,1,0,0,1,0,9
1960-04-13,4,1,0,0,1,0,9
1960-04-20,4,1,0,0,1,0,9
1960-04-27,4,0,0,0,0,0,10
1960-05-04,4,0,0,0,0,0,10
1960-05-11,4,1,0,0,1,0,10
1960-05-18,2,0,0,0,0,0,11
1960-05-25,2,0,0,0,0,0,10
1960-06-01,2,0,0,0,0,0,11
1960-06-08,1,1,0,0,1,0,11
1960-06-15,2,1,0,0,1,0,10
1960-06-22,1,1,0,0,1,0,11
1960-06-29,1,1,0,0,1,0,11
1960-07-06,2,2,0,0,1,1,9
1960-07-13,2,1,0,0,1,1,9
1960-07-20,2,1,0,0,1,1,10
1960-07-27,2,0,0,0,0,1,10
1960-08-03,3,0,0,0,0,1,10
1960-08-10,2,0,0,1,0,1,11
1960-08-17,1,2,0,1,2,1,10
1960-08-24,1,2,0,1,2,1,10
1960-08-31,1,1,0,1,1,1,11
1960-09-07,1,2,0,1,2,1,10
1960-09-21,0,3,0,1,3,0,9
1960-09-28,0,3,0,0,3,0,10
1960-10-12,1,3,0,0,4,0,9
1960-10-19,1,3,0,0,4,0,8
1960-10-26,1,3,0,0,4,0,9
1960-11-02,1,4,0,0,3,0,12
1960-11-09,3,4,0,0,4,0,10
1960-11-16,3,4,0,0,4,0,9
1960-11-23,3,4,0,0,4,0,8
1960-11-30,2,4,0,0,4,0,7
1960-12-07,2,4,0,0,4,0,8
1960-12-14,3,3,0,0,3,0,9
1960-12-21,3,1,0,0,1,1,10
1961-01-04,3,1,0,0,1,0,9
1961-01-11,4,1,0,0,1,0,8
1961-01-18,3,1,0,0,1,0,9
1961-01-25,4,1,0,0,1,0,8
1961-02-01,4,1,0,0,2,0,6
1961-02-08,3,1,0,0,2,0,8
1961-02-15,3,3,0,0,2,0,11
1961-02-22,4,2,0,0,1,0,11
1961-03-01,4,2,0,0,2,0,10
1961-03-08,4,1,0,0,1,0,11
1961-03-15,3,2,0,0,2,0,10
1961-03-22,3,3,0,0,2,0,10
1961-03-29,3,3,0,1,2,0,10
1961-04-05,3,1,0,1,1,0,12
1961-04-12,3,1,0,1,1,0,11
1961-04-19,2,0,0,1,0,0,12
1961-04-26,2,0,0,1,0,0,13
1961-05-03,1,0,0,0,0,0,15
1961-05-10,1,0,0,0,0,0,16
1961-05-17,1,0,0,0,0,0,15
1961-05-24,0,0,0,0,0,0,14
1961-05-31,0,1,0,0,1,0,14
1961-06-07,0,1,0,0,1,0,15
1961-06-14,0,1,0,0,1,0,14
1961-06-21,0,1,0,0,1,0,15
1961-06-28,1,1,0,0,1,0,15
1961-07-05,1,1,0,0,1,0,15
1961-07-12,1,2,0,0,3,0,12
1961-07-19,1,1,0,0,2,0,14
1961-07-26,1,3,0,1,4,0,10
1961-08-02,1,3,0,1,4,0,10
1961-08-09,2,2,0,1,3,0,12
1961-08-16,1,1,0,1,2,0,13
1961-08-23,2,1,0,1,2,0,12
1961-08-30,2,1,0,1,2,0,11
1961-09-06,2,1,0,1,1,0,12
1961-09-13,1,1,0,1,1,0,15
1961-09-20,1,2,0,1,2,0,14
1961-09-27,1,2,0,0,1,0,14
1961-10-04,1,1,0,0,0,0,12
1961-10-11,2,1,0,0,0,0,14
1961-10-18,1,1,0,0,0,0,14
1961-10-25,1,1,0,0,0,0,13
1961-11-01,1,1,0,0,0,0,13
1961-11-08,1,1,0,0,1,0,11
1961-11-15,2,1,0,0,1,1,9
1961-11-22,2,1,0,0,1,1,11
1961-11-29,3,2,0,0,2,0,10
1961-12-06,4,3,0,0,3,0,9
1961-12-13,4,3,0,1,3,0,7
1961-12-20,3,2,0,1,2,0,10
1961-12-27,3,2,0,1,2,0,9
1962-01-03,2,3,0,1,3,0,8
1962-01-10,3,3,0,0,3,0,11
1962-01-17,3,2,0,0,2,0,12
1962-01-24,2,1,0,0,1,0,13
1962-01-31,2,1,0,1,1,0,11
1962-02-07,1,2,0,1,2,0,10
1962-02-14,1,3,0,1,3,0,8
1962-02-21,2,2,0,0,2,0,8
1962-02-28,1,2,0,0,1,0,10
1962-03-07,2,1,0,0,0,0,10
1962-03-14,2,2,0,0,1,0,9
1962-03-21,1,2,0,0,1,1,11
1962-03-28,1,2,0,0,2,1,10
1962-04-04,1,1,0,0,2,1,10
1962-04-11,1,1,0,0,2,1,10
1962-04-18,1,1,0,1,2,1,9
1962-04-25,3,1,0,1,2,1,6
1962-05-02,3,0,0,0,2,1,6
1962-05-09,2,2,0,0,2,1,8
1962-05-16,2,2,0,0,2,1,8
1962-05-23,2,3,0,0,2,1,8
1962-05-30,2,5,0,0,4,0,8
1962-06-06,1,5,0,0,4,0,8
1962-06-13,1,4,0,1,4,0,9
1962-06-20,2,4,0,1,4,0,9
1962-06-27,2,2,0,1,2,0,9
1962-07-04,2,2,0,0,2,0,9
1962-07-11,1,3,0,0,3,0,8
1962-07-18,1,2,0,0,2,0,8
1962-07-25,1,3,0,0,3,0,6
1962-08-01,1,3,0,0,3,0,6
1962-08-08,1,3,0,0,3,0,8
1962-08-15,1,2,0,0,2,0,10
1962-08-22,2,2,0,0,2,0,10
1962-08-29,2,2,0,0,2,0,8
1962-09-05,2,1,0,0,1,0,10
1962-09-12,1,4,0,0,4,0,10
1962-09-19,1,3,0,1,3,0,9
1962-09-26,1,4,0,1,4,0,8
1962-10-03,1,5,0,0,5,0,7
1962-10-10,1,4,0,0,4,0,8
1962-10-17,2,2,0,0,2,0,9
1962-10-24,0,2,0,0,2,0,12
1962-10-31,0,2,0,0,2,0,12
1962-11-07,0,2,0,0,2,0,12
1962-11-14,0,2,0,0,2,0,12
1962-11-21,1,1,0,0,1,0,13
1962-11-28,2,0,0,0,0,0,12
1962-12-05,2,0,0,0,0,0,10
1962-12-12,3,2,0,0,2,0,7
1962-12-19,3,2,0,0,3,0,6
1962-12-26,1,3,0,0,4,0,5
1963-01-02,1,3,0,0,4,0,4
1963-01-09,1,3,0,0,3,1,5
1963-01-16,1,2,0,0,2,1,6
1963-01-23,1,3,0,0,3,1,5
1963-01-30,2,2,0,0,2,1,7
1963-02-06,1,2,0,0,2,1,9
1963-02-13,1,2,0,0,2,1,10
1963-02-20,1,2,0,0,2,1,10
1963-02-27,1,2,0,0,2,0,11
1963-03-06,1,2,0,0,2,0,11
1963-03-13,0,1,0,0,1,0,13
1963-03-20,0,0,0,0,0,0,12
1963-03-27,1,1,0,0,3,0,12
1963-04-03,1,1,0,0,2,0,12
1963-04-10,1,1,0,0,3,0,10
1963-04-17,1,2,0,0,4,0,8
1963-04-24,2,2,0,0,4,0,7
1963-05-01,3,2,0,0,3,0,7
1963-05-08,2,2,0,0,3,1,7
1963-05-15,2,1,0,0,1,1,9
1963-05-22,3,1,0,0,1,1,7
1963-05-29,3,2,1,0,1,1,6
1963-06-05,1,2,1,0,1,1,8
1963-06-12,1,2,0,0,2,1,8
1963-06-19,1,1,0,0,1,0,9
1963-06-26,2,0,0,0,0,0,6
1963-07-03,2,3,0,0,3,0,5
1963-07-10,1,4,0,0,4,0,4
1963-07-17,3,4,0,0,4,0,4
1963-07-24,4,4,0,0,4,0,5
1963-07-31,4,4,0,0,4,0,6
1963-08-07,6,3,0,0,3,0,5
1963-08-14,4,3,0,0,3,0,7
1963-08-21,2,4,0,0,4,0,6
1963-08-28,1,5,0,0,5,0,6
1963-09-04,1,5,0,0,5,0,7
1963-09-11,0,5,0,0,5,0,6
1963-09-18,0,5,0,0,5,0,5
1963-09-25,0,2,0,0,2,0,6
1963-10-02,0,2,0,0,2,0,5
1963-10-09,1,2,0,0,2,0,5
1963-10-16,2,2,0,0,2,0,7
1963-10-23,3,2,0,0,3,0,8
1963-10-30,3,3,0,0,4,0,9
1963-11-06,3,1,0,0,2,0,9
1963-11-13,3,3,0,0,4,0,7
1963-11-20,3,4,0,0,4,0,6
1963-11-27,3,4,0,0,4,0,6
1963-12-04,1,4,0,0,4,0,6
1963-12-11,1,3,0,0,3,0,8
1963-12-18,0,3,0,0,3,0,10
1963-12-25,0,2,0,0,2,0,10
1964-01-01,0,2,0,0,2,0,9
1964-01-08,0,2,0,0,2,0,9
1964-01-15,0,4,0,0,4,0,7
1964-01-22,0,4,0,0,4,1,6
1964-01-29,0,3,0,0,3,1,6
1964-02-05,0,3,0,0,3,2,5
1964-02-12,0,3,0,0,3,2,3
1964-02-19,0,3,0,0,3,2,3
1964-02-26,0,2,0,0,2,3,2
1964-03-04,0,1,0,0,1,4,2
1964-03-11,0,0,0,0,0,4,3
1964-03-18,0,0,0,0,0,5,4
1964-03-25,0,1,0,0,1,4,5
1964-04-01,0,2,0,0,2,5,4
1964-04-08,0,2,0,0,2,5,3
1964-04-15,0,3,0,0,3,5,2
1964-04-22,0,3,0,0,3,3,2
1964-04-29,0,3,0,0,3,2,2
1964-05-06,0,3,0,0,3,3,2
1964-05-13,0,3,0,0,3,3,2
1964-05-20,0,4,0,0,4,1,2
1964-05-27,0,3,0,0,3,1,2
1964-06-03,1,3,0,0,3,1,3
1964-06-10,1,3,0,0,3,1,2
1964-06-17,1,3,0,0,3,1,2
1964-06-24,0,2,0,0,2,1,4
1964-07-01,0,4,0,0,4,1,3
1964-07-08,1,4,0,0,4,0,3
1964-07-15,1,3,0,0,3,0,5
1964-07-22,1,4,0,0,4,1,5
1964-07-29,1,5,0,0,5,1,5
1964-08-05,1,3,0,0,3,1,5
1964-08-12,1,2,0,0,2,2,5
1964-08-19,0,1,0,0,1,3,5
1964-08-26,0,2,0,0,2,3,4
1964-09-02,0,2,0,0,2,3,3
1964-09-09,0,2,0,0,2,3,5
1964-09-16,1,4,0,0,4,2,5
1964-09-23,1,5,0,0,5,2,3
1964-09-30,1,5,0,1,5,2,3
1964-10-07,1,4,0,1,4,2,4
1964-10-14,2,5,0,1,5,1,5
1964-10-21,2,4,0,1,3,0,7
1964-10-28,2,3,0,1,2,0,6
1964-11-04,2,3,0,0,2,1,6
1964-11-11,3,2,0,0,1,2,7
1964-11-18,1,2,0,0,1,2,8
1964-11-25,1,2,0,0,2,2,6
1964-12-02,1,2,0,0,2,2,6
1964-12-09,1,2,0,0,2,3,5
1964-12-16,1,2,0,0,2,3,5
1964-12-23,1,1,0,0,1,3,5
1964-12-30,1,2,0,0,2,2,4
1965-01-06,1,2,0,0,2,1,4
1965-01-13,0,3,0,0,4,1,4
1965-01-20,0,3,0,0,4,2,4
1965-01-27,0,5,0,0,6,2,4
1965-02-03,0,5,0,0,5,1,2
1965-02-10,0,4,0,0,4,1,2
1965-02-17,1,3,0,0,3,2,3
1965-02-24,1,2,0,0,2,2,3
1965-03-03,1,2,0,0,2,1,3
1965-03-10,1,2,0,0,2,2,3
1965-03-17,1,3,0,0,3,2,4
1965-03-24,1,4,0,1,4,2,3
1965-03-31,1,3,0,1,3,2,3
1965-04-07,1,3,0,1,3,1,4
1965-04-14,1,4,0,1,4,2,3
1965-04-21,1,4,0,1,4,1,4
1965-04-28,1,4,0,1,4,2,2
1965-05-05,2,3,0,1,3,2,2
1965-05-12,2,3,0,0,3,2,4
1965-05-19,2,2,0,0,2,1,3
1965-05-26,3,2,0,0,2,1,3
1965-06-02,2,2,0,1,2,1,3
1965-06-09,1,2,0,0,2,2,2
1965-06-16,1,2,0,0,2,2,3
1965-06-23,1,2,0,0,2,3,3
1965-06-30,1,2,0,0,2,2,5
1965-07-07,1,1,0,1,1,2,7
1965-07-14,1,1,0,1,1,2,8
1965-07-21,0,1,0,2,1,2,7
1965-07-28,0,1,0,2,1,1,9
1965-08-04,0,3,0,2,3,1,7
1965-08-11,0,2,0,3,3,2,4
1965-08-18,1,3,0,3,4,2,4
1965-08-25,1,5,0,3,6,2,3
1965-09-01,1,5,0,2,6,2,2
1965-09-08,1,3,0,0,4,2,2
1965-09-15,1,2,0,0,3,2,2
1965-09-22,1,0,0,1,0,2,2
1965-09-29,1,0,0,1,0,3,2
1965-10-06,0,0,0,1,0,2,3
1965-10-13,1,0,0,1,0,2,4
1965-10-20,1,0,0,1,0,2,5
1965-10-27,2,2,0,1,2,2,4
1965-11-03,2,3,0,1,3,2,3
1965-11-10,2,3,0,0,3,2,3
1965-11-17,2,5,0,1,5,2,1
1965-11-24,3,6,0,1,6,1,1
1965-12-01,4,5,0,0,5,1,1
1965-12-08,3,5,0,1,5,2,1
1965-12-15,4,3,0,2,3,0,2
1965-12-22,4,2,0,2,2,1,2
1965-12-29,4,1,0,2,1,3,2
1966-01-05,4,1,0,0,1,3,3
1966-01-12,2,1,0,0,1,3,4
1966-01-19,2,1,0,0,1,4,4
1966-01-26,1,1,0,0,1,5,3
1966-02-02,1,3,0,0,3,4,2
1966-02-09,0,4,0,0,4,3,2
1966-02-16,0,4,0,0,4,2,1
1966-02-23,0,4,0,0,4,1,1
1966-03-02,1,4,0,0,4,1,1
1966-03-09,1,4,0,0,4,2,0
1966-03-16,1,3,0,0,3,2,1
1966-03-23,1,2,0,0,2,3,1
1966-03-30,1,2,0,0,2,3,1
1966-04-06,1,2,0,0,2,4,1
1966-04-13,1,1,0,0,1,4,1
1966-04-20,0,1,0,0,1,4,1
1966-04-27,1,1,0,0,1,2,3
1966-05-04,1,1,0,0,1,2,3
1966-05-11,1,2,0,0,2,2,3
1966-05-18,2,2,0,0,2,2,3
1966-05-25,2,3,0,1,3,2,2
1966-06-01,2,3,0,1,3,2,3
1966-06-08,2,4,0,1,4,2,2
1966-06-15,1,4,0,1,4,2,2
1966-06-22,1,3,0,1,3,2,2
1966-06-29,1,2,0,0,2,2,2
1966-07-06,1,2,0,0,2,3,2
1966-07-13,0,1,0,0,1,4,2
1966-07-20,0,1,0,0,1,3,4
1966-07-27,1,1,0,0,1,4,3
1966-08-03,1,1,0,0,1,4,2
1966-08-10,0,2,0,1,2,3,1
1966-08-17,0,5,0,1,5,2,1
1966-08-24,0,7,0,1,7,2,1
1966-08-31,0,7,0,1,7,1,0
1966-09-07,0,7,0,0,7,1,0
1966-09-14,0,5,0,0,5,2,0
1966-09-21,0,4,0,0,4,3,0
1966-09-28,0,4,0,0,4,3,0
1966-10-05,0,4,0,0,4,3,1
1966-10-12,1,5,0,0,5,3,2
1966-10-19,1,4,0,0,4,3,2
1966-10-26,1,5,0,0,5,3,3
1966-11-02,1,5,0,0,5,2,4
1966-11-09,1,5,0,0,5,1,4
1966-11-16,1,5,0,0,5,0,4
1966-11-23,1,5,0,0,5,0,4
1966-11-30,1,5,0,0,5,0,4
1966-12-07,1,7,0,0,7,0,4
1966-12-14,1,7,0,0,7,0,3
1966-12-21,1,5,0,0,5,0,5
1966-12-28,0,5,0,0,5,0,4
1967-01-04,0,4,0,0,4,0,3
1967-01-11,0,4,0,0,4,0,3
1967-01-18,0,3,0,1,3,0,2
1967-01-25,0,3,0,1,3,0,1
1967-02-01,0,2,0,1,2,1,0
1967-02-08,0,2,0,0,2,1,0
1967-02-15,0,2,0,0,2,1,1
1967-02-22,0,1,0,0,1,2,2
1967-03-01,0,2,0,1,2,2,3
1967-03-08,1,1,0,0,1,4,3
1967-03-15,1,1,0,0,1,4,2
1967-03-22,0,1,0,1,1,4,2
1967-03-29,0,2,0,1,2,3,3
1967-04-05,0,4,0,1,4,3,2
1967-04-12,1,4,0,1,4,1,2
1967-04-19,1,4,0,1,4,0,3
1967-04-26,1,4,0,1,4,0,3
1967-05-03,0,4,0,0,4,1,4
1967-05-10,0,4,0,0,4,1,5
1967-05-17,0,3,0,0,3,1,5
1967-05-24,0,4,0,0,4,1,5
1967-05-31,0,4,0,0,4,2,3
1967-06-07,0,3,0,0,3,2,2
1967-06-14,0,3,0,0,3,3,2
1967-06-21,0,3,0,1,3,3,2
1967-06-28,0,2,0,1,2,4,2
1967-07-05,1,3,0,1,3,3,2
1967-07-12,1,3,0,1,3,3,3
1967-07-19,1,4,0,0,4,3,3
1967-07-26,0,3,0,0,3,3,3
1967-08-02,0,3,0,0,3,4,2
1967-08-09,0,4,0,0,4,5,2
1967-08-16,1,4,0,1,4,4,1
1967-08-23,1,5,0,1,5,4,0
1967-08-30,1,7,0,0,7,4,0
1967-09-06,1,7,0,0,7,5,0
1967-09-13,2,6,0,0,6,5,0
1967-09-20,2,5,0,0,5,3,0
1967-09-27,2,4,0,0,4,3,0
1967-10-04,2,6,0,0,6,2,1
1967-10-11,2,7,0,0,7,2,1
1967-10-18,1,6,0,1,6,1,2
1967-10-25,0,7,0,1,7,1,2
1967-11-01,0,8,0,1,8,1,2
1967-11-08,0,8,0,2,8,2,1
1967-11-15,0,6,0,2,6,1,1
1967-11-22,0,5,0,1,5,1,1
1967-11-29,0,5,0,0,5,1,1
1967-12-06,0,5,0,0,5,2,1
1967-12-13,0,5,0,0,5,2,1
1967-12-20,0,6,0,0,6,2,0
1967-12-27,0,6,0,0,6,2,0
1968-01-03,0,6,0,0,6,2,0
1968-01-10,0,6,0,0,6,3,1
1968-01-17,0,6,0,0,6,3,2
1968-01-24,0,5,0,0,5,2,3
1968-01-31,0,4,0,0,4,3,3
1968-02-07,0,3,0,1,3,2,3
1968-02-14,0,5,0,1,5,2,2
1968-02-21,0,4,0,2,4,2,2
1968-02-28,0,5,0,2,5,2,2
1968-03-06,0,9,0,2,9,3,2
1968-03-13,0,8,0,2,8,3,1
1968-03-20,1,7,0,2,7,3,2
1968-03-27,1,8,0,2,8,3,2
1968-04-03,1,7,0,2,7,3,3
1968-04-10,1,6,0,1,6,4,3
1968-04-17,2,6,0,1,6,4,2
1968-04-24,1,8,0,0,8,2,1
1968-05-01,1,8,0,0,8,2,1
1968-05-08,1,6,0,0,6,2,1
1968-05-15,1,5,0,0,5,2,2
1968-05-22,1,7,0,0,8,0,2
1968-05-29,1,5,0,0,6,0,2
1968-06-05,1,5,0,0,5,0,4
1968-06-12,1,5,0,0,5,0,4
1968-06-19,1,3,0,0,3,1,3
1968-06-26,0,3,0,0,3,1,3
1968-07-03,0,3,0,0,3,1,3
1968-07-10,0,1,0,0,1,1,3
1968-07-17,1,0,0,0,0,3,2
1968-07-24,1,0,0,0,0,5,2
1968-07-31,1,0,0,0,0,7,2
1968-08-07,1,0,0,0,0,6,2
1968-08-14,1,1,0,0,1,6,1
1968-08-21,1,3,0,0,3,4,1
1968-08-28,2,4,0,1,4,5,1
1968-09-04,2,5,0,1,5,5,1
1968-09-11,1,4,0,2,4,6,1
1968-09-18,1,4,0,3,4,6,1
1968-09-25,1,3,0,2,3,6,2
1968-10-02,2,4,0,2,4,5,2
1968-10-09,2,3,0,1,3,7,1
1968-10-16,1,2,0,1,2,6,1
1968-10-23,1,2,0,1,2,6,1
1968-10-30,1,2,0,1,2,6,1
1968-11-06,1,3,0,0,3,6,1
1968-11-13,0,5,0,0,5,5,1
1968-11-20,2,4,0,0,4,3,2
1968-11-27,2,4,0,0,4,3,3
1968-12-04,2,7,0,0,7,3,2
1968-12-11,2,7,0,0,7,2,1
1968-12-18,2,8,0,0,8,2,1
1968-12-25,2,8,0,0,8,3,2
1969-01-01,1,9,0,1,9,1,2
1969-01-08,1,6,0,1,6,3,2
1969-01-15,1,6,0,1,6,3,2
1969-01-22,2,7,0,1,7,3,2
1969-01-29,3,4,0,1,4,4,3
1969-02-05,1,5,0,1,5,4,4
1969-02-12,1,7,0,0,7,3,3
1969-02-19,1,7,0,0,7,3,3
1969-02-26,1,5,0,0,5,3,4
1969-03-05,0,6,0,0,6,3,4
1969-03-12,1,5,0,0,5,2,4
1969-03-19,1,5,0,0,5,2,4
1969-03-26,1,6,0,0,6,2,2
1969-04-02,1,5,0,1,5,2,2
1969-04-09,1,4,0,1,5,3,1
1969-04-16,3,5,0,0,6,3,1
1969-04-23,4,5,0,0,6,2,1
1969-04-30,4,4,0,0,5,2,1
1969-05-07,4,3,0,0,5,3,1
1969-05-14,4,3,0,0,4,4,1
1969-05-21,4,3,0,0,4,4,1
1969-05-28,4,3,0,0,4,4,1
1969-06-04,2,3,0,0,4,4,1
1969-06-11,0,3,0,0,4,5,1
1969-06-18,0,3,0,0,4,5,2
1969-06-25,0,6,0,0,6,6,2
1969-07-02,0,6,0,0,6,6,2
1969-07-09,0,5,0,0,5,6,3
1969-07-16,1,5,0,0,5,5,3
1969-07-23,1,6,0,0,6,4,3
1969-07-30,2,4,0,0,4,4,2
1969-08-06,3,4,0,0,4,4,3
1969-08-13,3,3,0,0,3,5,3
1969-08-20,3,2,0,0,2,5,4
1969-08-27,2,1,0,0,1,5,5
1969-09-03,2,2,0,0,2,5,4
1969-09-10,2,3,0,0,3,3,5
1969-09-17,2,3,0,0,3,3,5
1969-09-24,2,3,0,0,3,3,4
1969-10-01,1,3,0,0,3,3,4
1969-10-08,0,4,0,1,4,3,3
1969-10-15,0,2,0,1,2,4,4
1969-10-22,0,2,0,2,2,2,4
1969-10-29,0,3,0,2,3,2,4
1969-11-05,0,5,0,2,5,2,4
1969-11-12,0,5,0,1,5,4,5
1969-11-19,1,6,0,0,6,4,5
1969-11-26,1,6,0,1,6,3,5
1969-12-03,1,6,0,1,6,3,5
1969-12-10,1,8,0,1,8,3,4
1969-12-17,2,6,0,1,6,4,4
1969-12-24,2,6,0,1,6,5,4
1969-12-31,2,3,0,1,3,5,5
1970-01-07,2,3,0,2,3,4,6
1970-01-14,3,2,0,2,2,4,7
1970-01-21,3,3,0,2,4,2,6
1970-01-28,3,3,0,2,4,4,5
1970-02-04,2,4,0,2,5,4,5
1970-02-11,2,4,0,2,6,4,4
1970-02-18,2,5,0,2,7,3,3
1970-02-25,2,5,0,1,7,3,3
1970-03-04,1,6,1,1,7,3,2
1970-03-11,1,5,1,0,6,5,2
1970-03-18,1,5,1,0,6,6,1
1970-03-25,1,4,1,0,5,7,1
1970-04-01,1,5,1,0,6,6,1
1970-04-08,1,5,1,0,6,6,0
1970-04-15,2,5,0,0,5,7,0
1970-04-22,2,4,0,0,4,7,1
1970-04-29,3,4,0,0,4,6,1
1970-05-06,3,5,0,0,5,6,1
1970-05-13,3,4,0,0,4,6,1
1970-05-20,2,4,0,1,4,5,1
1970-05-27,1,3,0,1,3,5,1
1970-06-03,1,3,0,1,4,4,1
1970-06-10,1,2,0,1,3,5,1
1970-06-17,1,3,0,0,4,5,1
1970-06-24,1,3,0,0,4,5,1
1970-07-01,0,3,0,0,5,3,1
1970-07-08,0,3,0,0,5,5,1
1970-07-15,0,3,0,0,5,5,1
1970-07-22,1,2,0,0,4,8,2
1970-07-29,1,3,0,0,5,8,2
1970-08-05,1,5,0,0,7,6,2
1970-08-12,1,6,0,0,8,6,1
1970-08-19,1,6,0,0,7,6,1
1970-08-26,1,5,0,1,5,7,1
1970-09-02,2,5,0,1,5,6,1
1970-09-09,2,5,0,1,5,6,0
1970-09-16,2,5,0,1,5,5,0
1970-09-23,1,6,0,1,6,5,0
1970-09-30,1,8,0,1,8,4,0
1970-10-07,2,6,0,1,6,4,0
1970-10-14,3,4,0,1,4,4,0
1970-10-21,4,5,0,1,5,3,0
1970-10-28,3,5,0,0,5,5,0
1970-11-04,3,4,0,1,4,5,0
1970-11-11,1,6,0,1,6,5,0
1970-11-18,1,5,0,1,5,5,0
1970-11-25,1,5,0,1,5,6,0
1970-12-02,1,5,0,1,5,5,0
1970-12-09,1,4,0,1,4,5,1
1970-12-16,1,4,0,0,4,6,2
1970-12-23,1,5,0,0,5,4,2
1970-12-30,2,4,0,0,4,5,1
1971-01-06,2,5,0,2,5,4,1
1971-01-13,3,5,0,2,5,3,1
1971-01-20,3,5,0,2,5,4,1
1971-01-27,3,5,0,2,5,3,1
1971-02-03,5,5,0,2,5,1,1
1971-02-10,4,5,0,2,5,1,1
1971-02-17,5,4,0,2,4,1,2
1971-02-24,5,4,0,0,4,2,1
1971-03-03,5,4,0,0,4,2,1
1971-03-10,4,5,0,0,5,2,1
1971-03-17,4,4,0,0,4,2,1
1971-03-24,4,5,1,0,4,2,0
1971-03-31,3,5,1,0,4,4,0
1971-04-07,2,5,1,0,4,4,0
1971-04-14,2,5,0,0,5,5,0
1971-04-21,3,4,0,0,4,3,0
1971-04-28,1,4,0,0,5,4,0
1971-05-05,1,5,0,0,6,4,0
1971-05-12,2,4,0,0,5,5,0
1971-05-19,2,3,0,0,4,5,0
1971-05-26,2,3,0,0,4,5,0
1971-06-02,2,4,0,1,5,6,0
1971-06-09,2,5,0,1,6,5,0
1971-06-16,2,5,0,1,6,5,0
1971-06-23,4,7,0,1,7,5,0
1971-06-30,4,8,0,1,8,4,0
1971-07-07,5,6,0,2,6,5,1
1971-07-14,5,7,0,2,7,4,1
1971-07-21,4,7,0,2,7,4,1
1971-07-28,4,6,0,2,6,5,1
1971-08-04,3,5,0,2,5,7,1
1971-08-11,3,6,0,2,6,8,0
1971-08-18,3,7,0,2,7,8,0
1971-08-25,2,6,0,1,6,7,0
1971-09-01,2,6,0,1,6,7,0
1971-09-08,2,5,0,1,5,6,0
1971-09-15,2,6,0,1,6,6,0
1971-09-22,1,6,0,2,6,4,0
1971-09-29,1,6,0,1,6,3,0
1971-10-06,1,6,0,1,6,3,0
1971-10-13,2,5,0,3,5,3,0
1971-10-20,2,5,0,3,5,4,0
1971-10-27,3,5,0,3,5,4,0
1971-11-03,3,6,0,3,6,5,0
1971-11-10,3,4,0,4,4,6,0
1971-11-17,2,6,0,4,6,5,0
1971-11-24,2,5,0,4,5,6,0
1971-12-01,2,6,0,3,6,5,0
1971-12-08,1,7,0,2,7,2,0
1971-12-15,1,8,0,2,8,3,0
1971-12-22,1,8,0,2,8,3,0
1971-12-29,1,9,0,1,9,4,0
1972-01-05,1,9,0,1,9,4,0
1972-01-12,1,8,0,1,8,6,0
1972-01-19,1,8,0,1,8,5,0
1972-01-26,1,7,0,0,7,4,0
1972-02-02,1,6,0,0,6,5,0
1972-02-09,1,5,0,0,5,6,0
1972-02-16,1,2,0,0,2,7,1
1972-02-23,0,2,0,1,2,6,1
1972-03-01,0,3,0,1,3,5,1
1972-03-08,0,4,0,0,4,4,1
1972-03-15,0,3,0,0,3,5,1
1972-03-22,1,4,0,1,4,5,0
1972-03-29,1,6,0,1,6,4,0
1972-04-05,1,7,0,1,7,4,0
1972-04-12,1,8,0,1,8,6,0
1972-04-19,1,8,0,1,8,7,0
1972-04-26,1,8,0,1,8,6,0
1972-05-03,2,9,0,1,9,5,0
1972-05-10,2,9,0,1,9,5,0
1972-05-17,1,9,0,1,9,4,1
1972-05-24,1,10,0,0,10,2,1
1972-05-31,1,9,0,0,9,3,1
1972-06-07,1,8,0,0,8,3,1
1972-06-14,1,7,0,0,7,5,1
1972-06-21,1,8,0,0,8,4,1
1972-06-28,0,7,0,1,7,4,1
1972-07-05,0,5,0,1,5,5,1
1972-07-12,0,5,0,1,5,6,1
1972-07-19,0,4,0,1,4,6,0
1972-07-26,1,4,0,1,4,6,0
1972-08-02,1,4,0,1,4,7,0
1972-08-09,2,4,0,1,4,4,0
1972-08-16,2,4,0,1,4,3,1
1972-08-23,2,3,0,0,4,3,1
1972-08-30,1,3,0,0,4,4,0
1972-09-06,1,2,0,1,3,5,0
1972-09-13,0,2,0,2,3,4,0
1972-09-20,0,2,0,2,3,4,1
1972-09-27,0,2,0,2,3,4,1
1972-10-04,1,2,0,1,3,5,1
1972-10-11,1,3,0,1,4,5,1
1972-10-18,1,3,0,1,3,6,1
1972-10-25,1,4,0,1,5,5,1
1972-11-01,0,5,0,1,6,5,1
1972-11-08,0,5,0,1,6,4,1
1972-11-15,0,6,0,0,7,3,1
1972-11-22,1,6,0,0,7,2,0
1972-11-29,2,6,0,1,7,1,0
1972-12-06,2,5,0,1,6,1,0
1972-12-13,1,7,0,1,7,2,0
1972-12-20,2,6,0,4,6,2,0
1972-12-27,3,7,0,4,7,3,0
1973-01-03,3,6,0,4,6,3,0
1973-01-10,3,5,0,3,5,3,0
1973-01-17,2,6,0,3,6,4,0
1973-01-24,2,5,0,3,5,3,0
1973-01-31,2,5,0,4,5,3,0
1973-02-07,2,6,0,2,6,3,1
1973-02-14,2,6,0,1,6,3,1
1973-02-21,2,6,0,1,6,3,2
1973-02-28,3,4,0,1,4,4,2
1973-03-07,3,6,0,1,6,3,2
1973-03-14,3,7,0,0,7,4,2
1973-03-21,2,7,0,0,7,4,2
1973-03-28,2,7,0,0,7,4,2
1973-04-04,2,8,0,0,8,1,2
1973-04-11,1,9,0,0,9,2,1
1973-04-18,1,9,0,0,9,2,0
1973-04-25,1,7,0,0,7,4,0
1973-05-02,0,6,0,1,6,4,0
1973-05-09,0,5,0,1,5,5,0
1973-05-16,1,6,0,1,6,5,0
1973-05-23,1,5,0,1,5,5,0
1973-05-30,1,5,0,1,5,6,0
1973-06-06,0,6,0,1,6,6,0
1973-06-13,0,6,0,1,6,6,0
1973-06-20,0,4,0,1,4,7,0
1973-06-27,1,5,0,1,4,6,1
1973-07-04,1,6,0,0,5,7,1
1973-07-11,1,4,0,0,3,7,1
1973-07-18,1,3,0,0,2,7,1
1973-07-25,0,3,0,0,2,6,1
1973-08-01,1,6,0,0,5,6,1
1973-08-08,1,5,0,0,5,5,0
1973-08-15,1,5,0,0,5,5,0
1973-08-22,1,5,0,0,5,4,0
1973-08-29,1,6,0,0,6,4,0
1973-09-05,0,7,0,0,7,3,0
1973-09-12,0,7,0,0,7,3,0
1973-09-19,0,9,0,0,9,4,0
1973-09-26,0,7,0,0,7,6,0
1973-10-03,0,7,0,0,7,5,0
1973-10-10,1,6,0,0,6,5,0
1973-10-17,1,7,0,0,7,5,0
1973-10-24,2,8,0,0,8,4,0
1973-10-31,3,8,0,0,8,3,0
1973-11-07,3,8,0,0,8,3,0
1973-11-14,4,6,0,0,6,3,0
1973-11-21,2,7,0,1,7,3,0
1973-11-28,2,7,0,1,7,4,0
1973-12-05,1,7,0,1,7,5,0
1973-12-12,1,8,0,1,8,5,0
1973-12-19,1,6,0,1,6,7,0
1973-12-26,2,6,0,1,6,6,0
1974-01-02,3,5,0,1,5,4,0
1974-01-09,3,5,0,1,5,4,0
1974-01-16,3,6,0,0,6,4,0
1974-01-23,3,6,0,0,6,4,0
1974-01-30,2,8,0,0,8,3,0
1974-02-06,2,7,0,0,7,3,0
1974-02-13,2,5,0,1,5,3,0
1974-02-20,2,4,0,1,4,2,0
1974-02-27,3,4,0,1,4,1,0
1974-03-06,2,5,0,0,5,1,0
1974-03-13,2,4,0,0,4,2,0
1974-03-20,2,6,0,0,5,2,0
1974-03-27,2,6,0,0,5,2,0
1974-04-03,2,6,0,0,5,2,0
1974-04-10,3,5,0,0,4,3,0
1974-04-17,3,5,0,1,4,3,0
1974-04-24,3,6,0,1,5,3,0
1974-05-01,3,6,0,0,5,3,0
1974-05-08,3,4,0,0,3,4,0
1974-05-15,4,6,0,0,5,4,0
1974-05-22,3,6,0,0,4,5,0
1974-05-29,4,5,0,0,4,4,0
1974-06-05,4,5,0,1,4,3,0
1974-06-12,4,4,0,2,3,3,0
1974-06-19,2,8,0,3,5,1,0
1974-06-26,3,8,0,1,5,2,2
1974-07-03,3,7,0,1,4,3,2
1974-07-10,3,6,0,3,3,3,2
1974-07-17,3,7,0,3,4,3,2
1974-07-24,1,6,0,2,4,4,3
1974-07-31,1,6,0,2,4,4,3
1974-08-07,1,3,0,2,3,4,3
1974-08-14,1,3,0,2,3,4,1
1974-08-21,0,5,0,1,5,3,2
1974-08-28,0,7,0,0,7,2,2
1974-09-04,0,6,0,1,6,2,2
1974-09-11,0,6,0,1,6,3,2
1974-09-18,0,5,0,1,5,4,2
1974-09-25,1,4,0,1,4,4,2
1974-10-02,1,4,0,1,4,4,1
1974-10-09,1,3,0,1,3,4,1
1974-10-16,2,3,0,1,4,4,1
1974-10-23,3,3,0,2,4,3,1
1974-10-30,3,2,0,1,2,3,1
1974-11-06,2,3,0,1,3,2,0
1974-11-13,2,3,0,1,2,2,0
1974-11-20,2,6,0,1,3,1,0
1974-11-27,2,6,0,0,4,1,0
1974-12-04,1,6,0,0,4,1,1
1974-12-11,1,5,0,0,4,4,1
1974-12-18,1,6,0,2,5,5,2
1974-12-25,1,6,0,2,4,5,2
1975-01-01,1,6,0,2,4,5,2
1975-01-08,1,7,0,2,4,5,2
1975-01-15,1,7,0,2,4,5,2
1975-01-22,1,6,0,2,4,5,2
1975-01-29,1,5,0,2,3,5,2
1975-02-05,1,5,0,1,3,3,1
1975-02-12,1,4,0,1,3,5,1
1975-02-19,1,4,0,1,3,5,0
1975-02-26,0,3,0,1,2,6,0
1975-03-05,0,4,0,1,3,5,1
1975-03-12,0,4,0,1,4,4,1
1975-03-19,0,5,0,1,5,5,0
1975-03-26,0,5,0,1,5,3,0
1975-04-02,1,8,0,1,7,2,0
1975-04-09,1,8,0,1,7,2,0
1975-04-16,1,9,0,0,8,1,0
1975-04-23,1,6,0,1,6,3,0
1975-04-30,2,5,0,1,5,3,0
1975-05-07,2,3,0,1,3,5,0
1975-05-14,2,4,0,0,4,5,0
1975-05-21,2,5,0,0,5,5,0
1975-05-28,3,4,0,0,4,4,0
1975-06-04,3,3,0,0,3,5,0
1975-06-11,3,3,0,0,3,5,1
1975-06-18,2,2,0,0,2,6,1
1975-06-25,1,1,0,1,2,4,1
1975-07-02,2,2,0,1,4,3,1
1975-07-09,2,2,0,1,4,2,1
1975-07-16,2,2,0,2,3,3,1
1975-07-23,2,2,0,2,3,3,1
1975-07-30,2,3,0,1,4,4,0
1975-08-06,3,3,0,2,3,5,0
1975-08-13,3,3,0,2,2,4,1
1975-08-20,3,4,0,2,3,6,1
1975-08-27,3,4,0,3,3,8,1
1975-09-03,3,3,0,3,2,8,1
1975-09-10,3,3,0,4,2,6,2
1975-09-17,3,3,0,3,2,5,2
1975-09-24,2,3,0,3,3,5,2
1975-10-01,1,2,0,4,2,1,4
1975-10-08,1,1,0,3,2,1,2
1975-10-15,3,1,0,3,3,2,2
1975-10-22,3,1,0,2,4,2,2
1975-10-29,3,1,0,2,4,2,2
1975-11-05,4,1,0,2,3,2,2
1975-11-12,5,2,0,2,3,2,1
1975-11-19,4,3,0,2,4,2,1
1975-11-26,2,4,0,3,4,3,2
1975-12-03,1,5,0,2,4,3,2
1975-12-10,1,5,0,2,5,3,2
1975-12-17,3,5,0,3,4,3,3
1975-12-24,2,9,0,2,6,2,3
1975-12-31,3,9,0,1,6,2,2
1976-01-07,4,9,0,2,7,3,2
1976-01-14,4,7,0,3,6,4,3
1976-01-21,4,7,0,3,6,4,3
1976-01-28,3,7,0,3,6,5,3
1976-02-04,2,6,0,3,7,6,3
1976-02-11,2,5,0,2,5,6,2
1976-02-18,1,3,0,2,3,4,2
1976-02-25,1,4,0,3,4,5,2
1976-03-03,1,4,0,3,4,6,1
1976-03-10,1,3,0,2,3,7,0
1976-03-17,0,2,0,1,2,7,0
1976-03-24,0,2,0,1,2,7,0
1976-03-31,0,2,0,1,3,7,0
1976-04-07,1,2,0,1,3,9,0
1976-04-14,1,2,0,1,3,8,0
1976-04-21,1,2,0,0,4,7,1
1976-04-28,2,3,0,0,5,10,0
1976-05-05,1,0,0,0,1,2,0
1976-05-12,2,2,0,0,3,6,1
1976-05-19,2,2,0,0,3,6,1
1976-05-26,2,2,0,0,3,6,1
1976-06-02,2,3,0,0,5,4,1
1976-06-09,2,4,0,0,7,6,0
1976-06-16,0,4,0,0,7,5,0
1976-06-23,0,4,0,0,6,6,0
1976-06-30,0,3,0,0,4,6,0
1976-07-07,0,1,0,0,2,1,0
1976-07-14,0,1,0,0,4,6,0
1976-07-21,0,1,0,0,3,6,0
1976-07-28,0,1,0,0,4,4,1
1976-08-04,0,0,0,0,3,4,1
1976-08-11,0,2,0,0,3,3,1
1976-08-18,0,4,0,0,4,3,1
1976-08-25,0,4,0,0,4,5,1
1976-09-01,0,4,0,0,3,6,1
1976-09-08,0,6,0,0,5,7,1
1976-09-15,0,5,0,0,5,8,0
1976-09-22,1,5,0,0,5,8,0
1976-09-29,1,4,0,0,3,9,0
1976-10-06,1,3,0,0,2,10,0
1976-10-13,2,3,0,0,2,11,0
1976-10-20,2,2,0,0,1,10,0
1976-10-27,2,3,0,0,2,11,0
1976-11-03,1,3,0,0,4,12,0
1976-11-10,1,2,0,0,4,11,0
1976-11-17,1,2,0,0,5,10,0
1976-11-24,1,0,0,0,0,2,0
1976-12-01,0,1,0,0,1,1,0
1976-12-08,0,1,0,0,1,1,0
1976-12-15,0,1,0,0,4,4,0
1976-12-22,0,3,0,0,6,6,0
1976-12-29,0,3,0,0,6,6,0
1977-01-05,0,4,0,0,7,8,0
1977-01-12,0,4,0,0,7,7,0
1977-01-19,0,3,0,0,6,7,0
1977-01-26,0,3,0,0,6,6,1
1977-02-02,0,3,0,0,5,6,1
1977-02-09,1,3,0,0,5,6,1
1977-02-16,1,4,0,0,4,5,1
1977-02-23,1,4,0,0,3,6,1
1977-03-02,2,4,0,0,3,6,1
1977-03-09,3,1,0,0,1,5,1
1977-03-16,4,1,0,0,1,7,0
1977-03-23,4,1,0,0,1,6,0
1977-03-30,4,1,0,0,1,5,0
1977-04-06,4,2,0,0,2,5,0
1977-04-13,3,3,0,0,2,5,0
1977-04-20,2,4,0,0,4,5,0
1977-04-27,2,4,0,0,4,5,0
1977-05-04,3,4,0,0,5,4,0
1977-05-11,3,3,0,0,4,6,0
1977-05-18,3,2,0,0,2,6,0
1977-05-25,4,2,0,0,2,7,0
1977-06-01,3,2,0,0,2,6,1
1977-06-08,4,2,0,0,2,7,1
1977-06-15,3,2,0,0,2,6,1
1977-06-22,3,1,0,0,1,6,1
1977-06-29,2,0,0,0,1,5,1
1977-07-06,1,0,0,0,2,5,1
1977-07-13,1,0,0,0,2,4,1
1977-07-20,1,1,0,0,3,5,1
1977-07-27,3,1,0,1,2,7,1
1977-08-03,3,1,0,1,2,8,1
1977-08-10,2,1,0,1,2,7,1
1977-08-17,2,1,0,1,3,8,0
1977-08-24,2,2,0,1,4,9,0
1977-08-31,2,2,0,1,4,9,0
1977-09-07,2,3,0,1,4,8,0
1977-09-14,2,4,0,2,5,6,0
1977-09-21,2,5,0,2,5,6,0
1977-09-28,1,5,0,1,5,5,0
1977-10-05,3,6,0,1,7,5,0
1977-10-12,3,5,0,1,6,4,0
1977-10-19,3,5,0,1,5,4,0
1977-10-26,3,5,0,1,4,4,0
1977-11-02,4,5,0,1,5,4,0
1977-11-09,4,4,0,1,6,4,0
1977-11-16,5,4,0,1,5,5,0
1977-11-23,6,3,0,1,4,4,0
1977-11-30,7,2,0,1,4,5,0
1977-12-07,6,1,0,1,3,8,0
1977-12-14,7,0,0,2,2,9,0
1977-12-21,7,0,0,1,2,7,0
1977-12-28,7,0,0,1,2,7,0
1978-01-04,7,1,0,1,3,8,0
1978-01-11,5,1,0,1,3,7,0
1978-01-18,3,2,0,1,2,6,0
1978-01-25,3,2,0,1,2,6,0
1978-02-01,2,2,0,1,2,7,0
1978-02-08,2,2,0,0,3,7,0
1978-02-15,2,1,0,0,4,7,0
1978-02-22,2,1,0,0,4,6,0
1978-03-01,2,1,0,0,3,5,1
1978-03-08,1,1,0,0,4,4,1
1978-03-15,1,1,0,0,4,3,1
1978-03-22,3,1,0,1,5,4,1
1978-03-29,3,1,0,1,6,4,1
1978-04-05,3,2,0,1,7,4,1
1978-04-12,3,1,0,1,6,4,1
1978-04-19,3,1,0,1,6,5,2
1978-04-26,3,2,0,1,6,5,2
1978-05-03,3,2,0,0,3,4,3
1978-05-10,1,0,0,0,1,2,2
1978-05-17,1,1,0,0,1,2,3
1978-05-24,1,1,0,1,1,3,2
1978-05-31,2,1,0,1,0,4,2
1978-06-07,2,1,0,1,2,3,2
1978-06-14,2,1,0,1,2,3,2
1978-06-21,2,2,0,1,3,2,2
1978-06-28,3,2,0,1,3,3,2
1978-07-05,4,2,0,2,3,4,1
1978-07-12,3,2,0,1,3,6,2
1978-07-19,2,3,0,1,4,5,2
1978-07-26,2,3,0,1,4,6,2
1978-08-02,1,3,0,1,5,6,2
1978-08-09,1,3,0,1,3,6,2
1978-08-16,1,4,0,1,3,6,2
1978-08-23,1,5,0,1,4,6,2
1978-08-30,1,5,0,1,4,6,1
1978-09-06,2,4,0,1,4,6,1
1978-09-13,2,4,0,1,4,6,1
1978-09-20,1,4,0,0,4,6,0
1978-09-27,2,2,0,0,4,6,0
1978-10-04,2,1,0,0,3,5,0
1978-10-11,2,1,0,0,2,6,0
1978-10-18,2,1,0,0,2,6,0
1978-10-25,1,1,0,0,2,5,1
1978-11-01,1,1,0,0,2,4,1
1978-11-08,1,1,0,0,1,4,1
1978-11-15,1,2,0,0,0,4,1
1978-11-22,0,3,0,0,1,4,1
1978-11-29,0,2,0,0,1,6,0
1978-12-06,0,2,0,0,1,7,0
1978-12-13,1,2,0,0,1,6,0
1978-12-20,2,3,0,0,2,6,0
1978-12-27,2,3,0,0,2,6,0
1979-01-03,2,3,0,0,1,6,0
1979-01-10,1,3,0,0,1,5,0
1979-01-17,1,4,0,0,2,6,1
1979-01-24,1,5,0,0,3,6,1
1979-01-31,0,6,0,0,3,6,1
1979-02-07,1,6,0,0,3,5,1
1979-02-14,1,6,0,0,3,4,1
1979-02-21,1,5,0,0,2,3,1
1979-02-28,1,5,0,0,2,4,0
1979-03-07,2,5,0,0,2,2,0
1979-03-14,2,6,0,0,1,4,0
1979-03-21,2,5,0,0,1,5,0
1979-03-28,2,6,0,1,1,5,0
1979-04-04,1,7,0,1,2,3,0
1979-04-11,1,6,0,1,3,3,0
1979-04-18,1,5,0,1,4,2,1
1979-04-25,0,5,0,1,3,2,1
1979-05-02,0,6,0,1,2,2,1
1979-05-09,0,5,0,1,4,1,0
1979-05-16,0,5,0,1,3,3,0
1979-05-23,1,4,0,2,2,3,0
1979-05-30,2,4,0,2,2,4,0
1979-06-06,2,4,0,1,2,3,0
1979-06-13,2,5,0,1,2,3,0
1979-06-20,2,5,0,1,1,4,0
1979-06-27,2,5,0,1,1,3,0
1979-07-04,2,4,0,1,1,4,0
1979-07-11,2,5,0,1,1,4,0
1979-07-18,3,4,0,1,1,4,0
1979-07-25,1,4,0,1,1,4,0
1979-08-01,0,4,0,1,1,3,0
1979-08-08,0,5,0,1,3,3,0
1979-08-15,2,5,0,1,2,3,0
1979-08-22,2,4,0,1,2,3,0
1979-08-29,2,5,0,1,3,4,0
1979-09-05,2,4,0,1,4,4,0
1979-09-12,1,4,0,1,4,4,0
1979-09-19,1,4,0,1,6,3,0
1979-09-26,1,4,0,1,6,3,0
1979-10-03,1,5,0,1,6,4,0
1979-10-10,1,5,0,1,6,5,0
1979-10-17,1,5,0,2,5,6,0
1979-10-24,1,4,0,2,5,6,1
1979-10-31,1,5,0,1,5,6,1
1979-11-07,2,4,0,1,4,5,1
1979-11-14,2,5,0,1,4,4,1
1979-11-21,2,6,0,0,4,5,1
1979-11-28,2,6,0,0,3,5,1
1979-12-05,1,6,0,0,3,5,1
1979-12-12,0,5,0,0,4,5,1
1979-12-19,0,6,0,0,5,5,0
1979-12-26,0,6,0,0,5,5,0
1980-01-02,1,5,0,0,5,7,0
1980-01-09,1,5,0,0,5,8,0
1980-01-16,1,5,0,0,5,8,0
1980-01-23,1,5,0,0,5,8,0
1980-01-30,3,4,0,0,5,7,0
1980-02-06,3,3,0,0,4,6,0
1980-02-13,3,3,0,0,4,5,0
1980-02-20,4,4,0,0,5,7,0
1980-02-27,3,4,0,0,5,5,1
1980-03-05,2,4,0,0,5,4,1
1980-03-12,3,3,0,1,5,6,0
1980-03-19,2,3,0,1,5,6,0
1980-03-26,2,4,0,1,5,7,0
1980-04-02,2,3,0,1,5,8,0
1980-04-09,2,3,0,1,6,8,0
1980-04-16,3,4,0,1,6,8,0
1980-04-23,3,4,0,1,5,8,0
1980-04-30,3,3,0,2,3,9,0
1980-05-07,3,4,0,2,2,9,0
1980-05-14,2,4,0,2,2,8,0
1980-05-21,2,3,0,2,1,8,0
1980-05-28,2,4,0,2,3,7,0
1980-06-04,3,4,0,2,3,8,0
1980-06-11,3,4,0,2,3,8,0
1980-06-18,3,4,0,2,4,7,0
1980-06-25,3,3,0,3,3,6,0
1980-07-02,3,3,0,2,3,6,0
1980-07-09,3,2,0,1,4,5,0
1980-07-16,5,2,0,1,4,6,0
1980-07-23,5,1,0,1,3,8,0
1980-07-30,5,1,0,1,3,8,0
1980-08-06,5,3,0,1,4,7,0
1980-08-13,2,3,0,0,4,6,1
1980-08-20,4,2,0,1,3,7,1
1980-08-27,4,3,0,1,3,7,1
1980-09-03,5,4,0,2,5,8,1
1980-09-10,5,3,0,2,3,8,1
1980-09-17,4,4,0,1,2,9,1
1980-09-24,3,4,0,1,3,7,1
1980-10-01,4,3,0,2,2,7,1
1980-10-08,5,4,0,2,2,6,1
1980-10-15,4,5,0,2,4,7,1
1980-10-22,4,6,0,2,5,7,0
1980-10-29,3,6,0,1,5,6,0
1980-11-05,3,6,0,1,5,6,0
1980-11-12,2,5,0,0,4,6,0
1980-11-19,2,5,0,0,5,6,0
1980-11-26,2,4,0,0,4,7,0
1980-12-03,2,3,0,1,3,9,0
1980-12-10,2,3,0,2,4,10,0
1980-12-17,2,3,0,2,4,11,0
1980-12-24,3,3,0,2,4,11,1
1980-12-31,3,3,0,2,4,11,1
1981-01-07,3,3,0,2,4,11,1
1981-01-14,3,2,0,2,3,9,1
1981-01-21,4,2,0,2,3,10,1
1981-01-28,2,2,0,1,2,8,1
1981-02-04,3,3,0,1,4,11,0
1981-02-11,3,3,0,1,4,11,0
1981-02-18,3,2,0,2,3,12,0
1981-02-25,3,2,0,2,3,10,0
1981-03-04,4,2,0,2,2,11,0
1981-03-11,5,2,0,2,3,11,0
1981-03-18,5,2,0,2,3,12,0
1981-03-25,3,1,0,2,1,9,1
1981-04-01,2,2,0,2,2,9,1
1981-04-08,2,1,0,2,1,8,1
1981-04-15,3,1,0,2,1,9,1
1981-04-22,2,1,0,2,1,9,1
1981-04-29,1,1,0,2,2,6,1
1981-05-06,1,1,0,1,4,6,1
1981-05-13,1,1,0,0,4,5,1
1981-05-20,1,1,0,0,4,6,1
1981-05-27,1,1,0,0,4,4,1
1981-06-03,1,1,0,0,4,5,1
1981-06-10,0,1,0,0,4,5,1
1981-06-17,0,1,0,0,3,4,0
1981-06-24,1,1,0,0,3,4,0
1981-07-01,1,1,0,0,2,3,0
1981-07-08,2,1,0,0,2,4,0
1981-07-15,2,1,0,0,1,4,0
1981-07-22,3,1,0,0,1,4,0
1981-07-29,5,2,0,0,2,5,0
1981-08-05,5,2,0,0,2,6,0
1981-08-12,5,2,0,0,2,6,0
1981-08-19,4,2,0,0,2,5,0
1981-08-26,5,2,0,0,2,4,0
1981-09-02,5,2,0,0,2,4,0
1981-09-09,5,2,0,0,2,6,0
1981-09-16,4,2,0,0,2,6,0
1981-09-23,5,2,0,0,2,8,0
1981-09-30,5,1,0,0,2,8,0
1981-10-07,4,0,0,0,3,6,0
1981-10-14,3,1,0,0,4,7,0
1981-10-21,3,1,0,0,4,7,1
1981-10-28,3,2,0,0,5,7,1
1981-11-04,1,2,0,1,4,8,2
1981-11-11,1,3,0,1,4,8,2
1981-11-18,1,4,0,1,5,10,2
1981-11-25,1,3,0,1,3,13,1
1981-12-02,2,3,0,1,3,14,1
1981-12-09,1,4,0,2,4,13,1
1981-12-16,1,4,0,2,4,12,1
1981-12-23,1,4,0,1,4,11,1
1981-12-30,1,4,0,1,4,11,1
1982-01-06,3,3,0,0,3,10,1
1982-01-13,4,1,0,0,1,8,1
1982-01-20,4,1,0,0,1,6,1
1982-01-27,3,1,0,0,1,6,1
1982-02-03,2,1,0,0,1,7,1
1982-02-10,3,1,0,0,1,6,1
1982-02-17,4,2,0,1,2,6,1
1982-02-24,3,2,0,2,2,5,0
1982-03-03,3,2,0,2,2,5,0
1982-03-10,3,3,0,2,2,5,0
1982-03-17,1,3,0,2,2,5,0
1982-03-24,1,2,0,1,1,6,0
1982-03-31,0,2,0,1,1,5,1
1982-04-07,0,2,0,1,1,5,1
1982-04-14,0,2,0,1,2,6,1
1982-04-21,0,2,0,1,2,5,0
1982-04-28,1,2,0,1,3,7,0
1982-05-05,2,3,0,2,3,8,0
1982-05-12,2,3,0,2,3,8,0
1982-05-19,1,3,0,1,4,8,0
1982-05-26,1,3,0,1,4,8,0
1982-06-02,1,3,0,1,4,8,0
1982-06-09,1,3,0,1,4,8,0
1982-06-16,1,4,0,2,4,8,0
1982-06-23,3,4,0,2,4,8,0
1982-06-30,4,5,0,2,4,10,0
1982-07-07,4,5,0,2,3,12,0
1982-07-14,4,4,0,2,2,12,0
1982-07-21,3,4,0,2,2,11,0
1982-07-28,1,4,0,3,2,11,0
1982-08-04,1,5,0,3,2,9,0
1982-08-11,2,5,0,3,1,8,0
1982-08-18,3,2,0,1,0,7,0
1982-08-25,3,2,0,1,0,7,0
1982-09-01,3,2,0,1,0,7,0
1982-09-08,4,2,0,2,1,8,0
1982-09-15,4,1,0,1,2,9,0
1982-09-22,3,1,0,1,2,6,0
1982-09-29,3,1,0,2,3,7,0
1982-10-06,4,1,0,3,2,7,0
1982-10-13,4,1,0,3,2,10,0
1982-10-20,4,1,0,3,2,10,0
1982-10-27,4,2,0,3,5,9,0
1982-11-03,4,2,0,3,5,8,0
1982-11-10,2,1,0,2,4,8,0
1982-11-17,1,2,0,2,4,7,0
1982-11-24,1,2,0,2,5,7,0
1982-12-01,1,2,0,2,5,7,0
1982-12-08,0,2,0,2,5,6,0
1982-12-15,0,2,0,2,6,5,0
1982-12-22,0,1,0,2,5,4,0
1982-12-29,0,1,0,2,5,4,0
1983-01-05,0,1,0,2,5,5,0
1983-01-12,0,1,0,2,4,5,0
1983-01-19,0,1,0,1,4,5,0
1983-01-26,0,1,0,0,4,5,0
1983-02-02,0,1,0,0,4,7,0
1983-02-09,0,2,0,2,3,7,0
1983-02-16,0,1,0,3,4,7,0
1983-02-23,1,1,0,3,4,8,0
1983-03-02,1,1,0,3,4,5,0
1983-03-09,1,2,0,4,4,9,0
1983-03-16,2,2,0,4,3,9,0
1983-03-23,2,2,0,3,4,8,0
1983-03-30,2,2,0,3,4,8,0
1983-04-06,2,2,0,4,3,8,0
1983-04-13,1,2,0,5,3,9,0
1983-04-20,1,2,0,4,3,8,0
1983-04-27,0,3,0,5,3,9,0
1983-05-04,0,3,0,4,3,6,0
1983-05-11,0,3,0,4,2,7,0
1983-05-18,0,3,0,5,2,7,0
1983-05-25,0,2,0,4,2,7,0
1983-06-01,0,2,0,5,2,6,0
1983-06-08,0,2,0,5,3,7,0
1983-06-15,0,2,0,6,3,8,0
1983-06-22,0,1,0,5,4,7,0
1983-06-29,0,2,0,6,4,8,0
1983-07-06,0,3,0,5,3,9,0
1983-07-13,0,3,0,5,3,8,0
1983-07-20,0,4,0,5,3,7,0
1983-07-27,0,4,0,5,2,9,0
1983-08-03,0,4,0,6,2,8,0
1983-08-10,0,5,0,7,2,8,0
1983-08-17,1,5,0,8,3,7,0
1983-08-24,1,4,0,8,2,9,0
1983-08-31,1,3,0,7,2,9,0
1983-09-07,1,3,0,8,2,7,0
1983-09-14,1,4,0,10,2,9,0
1983-09-21,1,3,0,9,2,8,0
1983-09-28,0,3,0,9,1,9,0
1983-10-05,0,3,0,7,2,9,0
1983-10-12,0,3,0,7,2,10,0
1983-10-19,0,3,0,6,2,12,0
1983-10-26,0,3,0,6,3,12,0
1983-11-02,0,2,0,4,3,10,0
1983-11-09,0,2,0,4,3,10,0
1983-11-16,0,2,0,3,3,7,0
1983-11-23,0,3,0,3,3,7,0
1983-11-30,2,2,0,3,3,7,0
1983-12-07,2,2,0,3,3,8,0
1983-12-14,2,2,0,3,3,8,0
1983-12-21,2,3,0,4,4,9,0
1983-12-28,2,3,0,4,4,9,0
1984-01-04,3,2,0,4,4,10,1
1984-01-11,4,2,0,2,6,10,1
1984-01-18,4,3,0,3,6,9,1
1984-01-25,3,3,0,4,6,11,0
1984-02-01,3,2,0,5,6,10,0
1984-02-08,3,1,0,4,5,10,0
1984-02-15,3,1,0,4,5,10,0
1984-02-22,2,2,0,5,6,8,0
1984-02-29,1,2,0,5,5,8,0
1984-03-07,0,4,0,5,4,7,0
1984-03-14,0,4,0,6,3,6,0
1984-03-21,0,3,0,4,3,5,0
1984-03-28,0,3,0,4,3,5,0
1984-04-04,0,2,0,3,2,4,0
1984-04-11,0,3,0,3,4,4,0
1984-04-18,1,3,0,4,4,5,0
1984-04-25,1,3,0,3,5,5,0
1984-05-02,1,4,0,3,4,5,0
1984-05-09,1,4,0,4,4,6,0
1984-05-16,0,4,0,4,3,6,0
1984-05-23,0,4,0,7,2,4,0
1984-05-30,1,4,0,7,3,5,0
1984-06-06,1,4,0,6,3,6,0
1984-06-13,1,4,0,6,4,5,0
1984-06-20,1,4,0,7,4,5,0
1984-06-27,1,4,0,7,3,7,0
1984-07-04,1,5,0,5,5,7,0
1984-07-11,1,5,0,5,5,7,0
1984-07-18,1,4,0,3,6,7,0
1984-07-25,1,3,0,2,7,7,0
1984-08-01,1,3,0,1,8,8,0
1984-08-08,1,2,0,1,8,7,0
1984-08-15,1,1,0,1,7,7,0
1984-08-22,1,1,0,1,8,5,0
1984-08-29,0,1,0,1,9,2,0
1984-09-05,1,1,0,2,9,3,0
1984-09-12,1,2,0,2,10,3,0
1984-09-19,1,4,0,3,9,3,0
1984-09-26,1,4,0,4,10,3,0
1984-10-03,1,6,0,5,7,4,0
1984-10-10,1,6,0,5,7,5,0
1984-10-17,1,5,0,5,7,6,0
1984-10-24,1,5,0,3,9,6,0
1984-10-31,0,5,0,4,8,5,0
1984-11-07,0,4,0,5,6,5,0
1984-11-14,0,4,0,5,7,4,0
1984-11-21,0,4,0,5,7,4,0
1984-11-28,0,4,0,3,7,3,0
1984-12-05,0,4,0,4,6,2,0
1984-12-12,1,4,0,4,5,3,0
1984-12-19,1,4,0,4,5,4,0
1984-12-26,1,4,0,4,5,4,0
1985-01-02,1,4,0,2,5,6,0
1985-01-09,1,3,0,2,4,6,0
1985-01-16,1,4,0,2,7,5,0
1985-01-23,1,5,0,2,8,7,0
1985-01-30,0,3,0,1,7,6,0
1985-02-06,1,3,0,1,8,9,0
1985-02-13,1,4,0,1,9,9,0
1985-02-20,1,3,0,0,9,9,0
1985-02-27,1,4,0,2,9,8,0
1985-03-06,1,4,0,2,8,8,0
1985-03-13,1,4,0,3,6,8,0
1985-03-20,0,5,0,4,4,7,0
1985-03-27,0,4,0,3,5,4,0
1985-04-03,0,5,0,3,5,5,0
1985-04-10,0,5,0,3,4,5,0
1985-04-17,0,5,0,4,5,5,0
1985-04-24,1,5,0,4,6,8,0
1985-05-01,0,4,0,4,6,6,0
1985-05-08,0,4,0,5,9,5,0
1985-05-15,0,3,0,5,8,3,0
1985-05-22,0,4,0,7,7,3,0
1985-05-29,0,4,0,7,5,4,0
1985-06-05,0,4,0,8,6,4,0
1985-06-12,0,4,0,8,7,4,0
1985-06-19,0,3,0,8,7,3,0
1985-06-26,1,3,0,7,6,4,0
1985-07-03,1,3,0,7,5,4,0
1985-07-10,1,3,0,5,5,4,0
1985-07-17,1,2,0,5,7,5,0
1985-07-24,1,3,0,6,8,4,0
1985-07-31,1,3,0,5,8,5,0
1985-08-07,1,3,0,5,7,5,0
1985-08-14,1,2,0,4,7,4,0
1985-08-21,0,3,0,4,6,2,0
1985-08-28,0,3,0,4,5,2,0
1985-09-04,0,4,0,4,5,2,0
1985-09-11,0,3,0,3,6,0,0
1985-09-18,0,3,0,3,6,0,0
1985-09-25,0,2,0,3,6,0,0
1985-10-02,0,3,0,4,4,1,0
1985-10-09,0,2,0,4,4,1,0
1985-10-16,0,3,0,4,4,3,0
1985-10-23,0,3,0,4,4,4,0
1985-10-30,0,3,0,4,5,5,0
1985-11-06,0,3,0,4,6,5,0
1985-11-13,0,3,0,4,5,6,0
1985-11-20,0,4,0,4,5,7,0
1985-11-27,0,5,0,5,6,8,0
1985-12-04,1,3,0,3,5,8,0
1985-12-11,1,3,0,3,5,9,0
1985-12-18,1,2,0,2,6,6,0
1985-12-25,2,2,0,2,6,6,0
1986-01-01,2,2,0,2,5,6,0
1986-01-08,2,2,0,1,6,5,0
1986-01-15,2,2,0,1,7,5,0
1986-01-22,2,2,0,1,7,5,0
1986-01-29,1,2,0,0,9,4,0
1986-02-05,1,2,0,0,8,4,0
1986-02-12,0,2,0,0,8,4,0
1986-02-19,0,2,0,1,6,3,0
1986-02-26,0,2,0,1,6,4,0
1986-03-05,0,3,0,2,5,5,0
1986-03-12,0,3,0,3,5,5,0
1986-03-19,0,3,0,4,4,5,0
1986-03-26,1,2,0,4,5,5,0
1986-04-02,1,1,0,3,4,4,0
1986-04-09,1,0,0,2,6,3,0
1986-04-16,1,1,0,3,6,2,0
1986-04-23,1,1,0,3,6,2,0
1986-04-30,1,2,0,4,6,2,0
1986-05-07,1,2,0,4,5,3,0
1986-05-14,1,2,0,4,6,3,0
1986-05-21,0,2,0,4,6,2,0
1986-05-28,0,2,0,5,6,2,0
1986-06-04,0,2,0,5,7,2,0
1986-06-11,0,2,0,4,6,3,0
1986-06-18,1,1,0,2,7,3,0
1986-06-25,1,1,0,2,6,4,0
1986-07-02,1,1,0,2,5,4,0
1986-07-09,1,0,0,2,5,6,0
1986-07-16,1,0,0,2,3,6,0
1986-07-23,1,1,0,2,4,7,0
1986-07-30,1,1,0,3,3,6,0
1986-08-06,1,1,0,3,5,7,0
1986-08-13,0,1,0,3,4,5,0
1986-08-20,0,1,0,3,4,5,0
1986-08-27,0,1,0,3,3,3,0
1986-09-03,0,1,0,1,0,0,0
1986-09-10,0,1,0,1,2,2,0
1986-09-17,1,2,0,2,5,3,0
1986-09-24,1,2,0,2,5,2,0
1986-10-01,1,1,0,2,5,3,0
1986-10-08,1,2,0,3,6,4,0
1986-10-15,1,3,0,4,4,4,0
1986-10-22,1,4,0,3,6,6,0
1986-10-29,1,3,0,3,7,7,0
1986-11-05,0,3,0,3,7,6,0
1986-11-12,0,3,0,3,5,7,0
1986-11-19,0,3,0,4,3,8,1
1986-11-26,0,4,0,5,4,10,1
1986-12-03,1,5,0,6,4,10,1
1986-12-10,2,3,0,4,5,9,1
1986-12-17,2,2,0,3,4,8,1
1986-12-24,2,2,0,3,4,7,1
1986-12-31,2,2,0,3,4,7,1
1987-01-07,2,3,0,4,5,7,1
1987-01-14,3,4,0,4,5,7,1
1987-01-21,3,4,0,4,6,7,0
1987-01-28,2,3,0,2,7,7,0
1987-02-04,2,2,0,2,7,6,0
1987-02-11,2,2,0,2,5,5,0
1987-02-18,1,2,0,2,5,4,0
1987-02-25,1,2,0,2,7,3,0
1987-03-04,2,0,0,1,7,5,0
1987-03-11,1,0,0,1,6,5,0
1987-03-18,1,0,0,1,7,3,0
1987-03-25,1,0,0,0,6,4,0
1987-04-01,1,0,0,0,7,3,0
1987-04-08,1,1,0,1,7,3,0
1987-04-15,1,1,0,1,6,2,0
1987-04-22,0,1,0,1,6,2,0
1987-04-29,0,1,0,1,4,4,0
1987-05-06,0,1,0,1,5,4,0
1987-05-13,0,1,0,1,5,5,0
1987-05-20,1,1,0,1,5,6,0
1987-05-27,1,2,0,1,6,5,0
1987-06-03,1,1,0,0,7,6,0
1987-06-10,1,1,0,0,6,6,0
1987-06-17,1,1,0,0,7,5,0
1987-06-24,1,1,0,0,7,5,0
1987-07-01,1,1,0,1,7,3,0
1987-07-08,1,1,0,1,7,2,0
1987-07-15,0,0,0,1,5,1,0
1987-07-22,1,0,0,2,4,2,0
1987-07-29,1,1,0,3,4,2,0
1987-08-05,2,1,0,3,5,5,0
1987-08-12,2,1,0,3,5,5,0
1987-08-19,2,2,0,4,5,5,0
1987-08-26,2,2,0,4,6,4,0
1987-09-02,2,3,0,4,7,4,0
1987-09-09,1,3,0,3,8,5,0
1987-09-16,2,4,0,3,8,7,0
1987-09-23,2,4,0,2,9,7,0
1987-09-30,2,5,0,3,10,8,0
1987-10-07,1,5,0,3,7,8,0
1987-10-14,2,3,0,2,7,8,0
1987-10-21,2,2,0,1,6,9,0
1987-10-28,1,2,0,2,6,6,0
1987-11-04,1,2,0,3,5,6,0
1987-11-11,1,1,0,3,4,5,0
1987-11-18,1,1,0,3,2,6,0
1987-11-25,1,0,0,2,4,6,0
1987-12-02,1,1,0,2,5,7,0
1987-12-09,1,0,0,2,6,5,0
1987-12-16,1,0,0,1,5,5,0
1987-12-23,1,0,0,1,6,7,0
1987-12-30,1,0,0,1,6,7,0
1988-01-06,1,0,0,1,6,7,0
1988-01-13,1,1,0,0,7,6,0
1988-01-20,1,1,0,0,6,7,0
1988-01-27,1,1,0,0,5,7,0
1988-02-03,1,1,0,0,5,5,0
1988-02-10,1,2,0,2,4,5,0
1988-02-17,0,1,0,1,4,4,0
1988-02-24,0,3,0,1,7,3,0
1988-03-02,0,2,0,1,6,4,0
1988-03-09,0,2,0,1,5,3,0
1988-03-16,0,1,0,1,6,2,0
1988-03-23,1,1,0,1,7,4,0
1988-03-30,1,1,0,1,8,3,0
1988-04-06,2,2,1,0,8,3,0
1988-04-13,2,2,1,0,10,3,0
1988-04-20,1,2,1,1,8,2,0
1988-04-27,1,2,1,1,7,3,0
1988-05-04,1,2,1,1,7,3,0
1988-05-11,0,3,1,2,5,5,0
1988-05-18,0,3,1,3,5,5,0
1988-05-25,0,4,2,3,3,6,0
1988-06-01,0,3,2,2,4,7,0
1988-06-08,0,4,2,1,6,6,0
1988-06-15,0,3,1,1,5,7,0
1988-06-22,0,2,1,1,5,8,0
1988-06-29,0,3,2,0,5,7,0
1988-07-06,0,3,2,0,5,8,0
1988-07-13,0,4,3,0,5,7,0
1988-07-20,0,2,1,0,5,7,0
1988-07-27,1,1,1,1,3,6,0
1988-08-03,1,1,1,1,3,6,0
1988-08-10,1,1,1,1,3,7,0
1988-08-17,1,2,1,1,6,7,0
1988-08-24,1,2,1,1,6,7,0
1988-08-31,1,2,1,1,5,6,0
1988-09-07,0,0,0,0,0,1,0
1988-09-14,1,2,0,2,6,6,0
1988-09-21,0,2,0,1,4,9,0
1988-09-28,0,2,0,1,4,9,0
1988-10-05,0,2,0,2,4,10,0
1988-10-12,0,1,0,2,3,8,0
1988-10-19,0,1,0,1,4,10,0
1988-10-26,0,1,0,1,2,10,0
1988-11-02,0,2,0,2,2,8,0
1988-11-09,0,1,0,2,2,8,0
1988-11-16,0,1,0,2,2,6,0
1988-11-23,0,2,0,2,3,6,0
1988-11-30,0,2,0,3,2,8,0
1988-12-07,0,2,0,1,2,8,0
1988-12-14,0,2,0,1,3,6,0
1988-12-21,0,3,0,1,4,7,0
1988-12-28,0,3,0,1,4,7,0
1989-01-04,0,2,0,0,5,7,0
1989-01-11,0,2,0,0,5,8,0
1989-01-18,0,3,0,0,6,7,0
1989-01-25,0,3,0,0,6,7,0
1989-02-01,0,1,0,1,4,6,0
1989-02-08,0,1,0,1,4,5,0
1989-02-15,0,2,0,1,5,5,0
1989-02-22,0,2,0,1,6,3,0
1989-03-01,0,2,0,1,7,3,0
1989-03-08,0,2,0,1,7,2,0
1989-03-15,0,2,0,4,5,2,1
1989-03-22,0,2,0,4,5,2,1
1989-03-29,0,1,0,4,4,1,1
1989-04-05,0,1,0,4,4,2,1
1989-04-12,0,1,0,4,4,2,1
1989-04-19,0,1,0,4,5,2,1
1989-04-26,0,1,0,2,3,2,0
1989-05-03,0,2,0,2,4,1,0
1989-05-10,0,2,0,3,3,1,0
1989-05-17,0,2,0,2,3,1,0
1989-05-24,0,2,0,2,4,0,0
1989-05-31,1,2,0,2,5,1,0
1989-06-07,1,2,0,3,6,1,0
1989-06-14,1,2,0,2,5,1,0
1989-06-21,0,3,0,4,5,3,0
1989-06-28,0,3,0,3,5,3,0
1989-07-05,0,3,0,3,4,7,0
1989-07-12,0,2,0,3,4,6,0
1989-07-19,0,2,0,2,6,6,0
1989-07-26,0,2,0,2,6,5,0
1989-08-02,0,3,1,1,5,5,0
1989-08-09,0,2,1,0,5,5,0
1989-08-16,0,2,1,0,4,7,0
1989-08-23,0,2,1,0,4,6,0
1989-08-30,0,3,1,1,4,4,0
1989-09-06,0,3,1,1,3,3,0
1989-09-13,0,2,1,1,2,3,0
1989-09-20,1,2,1,2,2,5,0
1989-09-27,1,4,1,3,4,7,0
1989-10-04,1,4,0,4,5,8,0
1989-10-11,1,4,0,4,6,8,0
1989-10-18,1,4,0,4,6,6,0
1989-10-25,2,4,0,4,5,7,0
1989-11-01,1,4,0,3,5,6,0
1989-11-08,0,4,1,3,4,5,0
1989-11-15,0,4,1,4,4,4,0
1989-11-22,0,3,1,2,3,4,0
1989-11-29,0,3,1,2,3,4,0
1989-12-06,0,2,0,2,3,5,0
1989-12-13,0,2,0,2,4,4,0
1989-12-20,1,1,0,0,6,6,0
1989-12-27,1,2,0,1,5,6,0
1990-01-03,1,2,0,1,5,6,0
1990-01-10,1,1,0,0,5,6,0
1990-01-17,1,1,0,0,5,5,1
1990-01-24,1,2,0,0,7,6,1
1990-01-31,1,2,0,0,7,5,0
1990-02-07,1,2,1,0,7,5,0
1990-02-14,0,1,1,0,5,5,0
1990-02-21,0,1,1,0,6,4,0
1990-02-28,0,1,1,0,5,5,0
1990-03-07,0,3,1,1,6,3,0
1990-03-14,0,2,0,1,6,5,0
1990-03-21,0,2,0,1,6,4,0
1990-03-28,0,2,0,1,4,5,0
1990-04-04,0,3,0,1,6,2,0
1990-04-11,0,2,0,0,5,2,0
1990-04-18,0,2,0,0,5,3,0
1990-04-25,0,2,0,1,6,4,0
1990-05-02,0,4,0,2,7,5,0
1990-05-09,0,4,0,2,6,5,0
1990-05-16,0,4,0,2,9,5,0
1990-05-23,0,3,0,1,10,4,0
1990-05-30,0,3,0,2,10,3,0
1990-06-06,0,3,0,2,8,2,0
1990-06-13,0,4,0,2,8,2,0
1990-06-20,0,4,0,3,7,3,0
1990-06-27,0,4,0,3,7,2,0
1990-07-04,0,5,0,4,7,2,0
1990-07-11,0,5,0,3,8,2,0
1990-07-18,0,5,0,4,8,2,0
1990-07-25,0,4,0,4,8,3,0
1990-08-01,0,5,0,3,12,4,0
1990-08-08,0,4,0,1,12,4,0
1990-08-15,0,4,0,2,12,4,0
1990-08-22,0,3,0,2,11,5,0
1990-08-29,0,3,0,2,11,5,0
1990-09-05,0,3,0,3,9,4,0
1990-09-12,0,3,0,3,8,4,0
1990-09-19,0,5,0,2,7,3,0
1990-09-26,0,4,0,3,6,4,1
1990-10-03,0,4,0,3,7,3,1
1990-10-10,0,5,0,4,8,3,1
1990-10-17,0,4,0,3,8,3,1
1990-10-24,0,4,0,2,9,2,1
1990-10-31,0,4,0,3,10,3,2
1990-11-07,0,3,0,1,10,3,0
1990-11-14,0,2,0,1,9,4,0
1990-11-21,0,2,0,1,7,3,0
1990-11-28,0,3,0,1,7,3,0
1990-12-05,0,5,0,2,8,3,0
1990-12-12,0,5,0,2,9,3,0
1990-12-19,0,4,0,2,8,3,0
1990-12-26,0,4,0,2,8,3,0
1991-01-02,0,3,0,2,9,2,0
1991-01-09,0,3,0,2,9,2,0
1991-01-16,0,3,0,1,10,2,0
1991-01-23,0,3,0,1,11,3,0
1991-01-30,0,4,0,2,11,3,0
1991-02-06,0,4,0,1,12,3,0
1991-02-13,0,4,0,1,11,5,0
1991-02-20,0,2,0,1,11,6,0
1991-02-27,0,2,1,1,9,6,0
1991-03-06,0,2,1,1,8,5,0
1991-03-13,0,3,1,1,9,4,0
1991-03-20,0,3,1,1,9,4,0
1991-03-27,0,3,1,1,8,2,0
1991-04-03,0,4,1,1,9,2,0
1991-04-10,0,3,1,0,6,3,0
1991-04-17,0,2,1,0,4,4,0
1991-04-24,0,2,0,1,5,3,0
1991-05-01,0,3,0,1,4,4,0
1991-05-08,0,3,0,2,3,4,0
1991-05-15,0,3,0,2,4,4,0
1991-05-22,0,3,0,2,4,5,0
1991-05-29,0,4,0,2,6,5,0
1991-06-05,0,4,0,2,8,4,0
1991-06-12,1,5,0,3,10,2,0
1991-06-19,1,5,0,3,10,2,0
1991-06-26,1,4,0,3,9,2,0
1991-07-03,1,2,0,2,8,2,0
1991-07-10,1,2,0,1,7,1,0
1991-07-17,0,2,0,0,6,1,0
1991-07-24,0,2,0,0,5,1,0
1991-07-31,0,2,0,0,5,2,0
1991-08-07,0,3,0,0,6,2,0
1991-08-14,0,3,0,0,6,2,0
1991-08-21,0,4,0,0,8,2,0
1991-08-28,0,4,0,0,8,2,0
1991-09-04,0,4,0,0,8,3,0
1991-09-11,0,5,0,2,7,4,0
1991-09-18,0,5,0,2,7,5,0
1991-09-25,0,5,0,2,7,3,0
1991-10-02,0,4,0,2,6,3,0
1991-10-09,0,3,0,2,8,3,0
1991-10-16,0,3,0,1,8,2,0
1991-10-23,0,2,0,1,7,2,0
1991-10-30,0,2,0,1,7,2,0
1991-11-06,0,2,0,1,7,2,0
1991-11-13,1,2,0,1,7,3,0
1991-11-20,1,1,0,0,7,2,0
1991-11-27,0,4,0,2,9,1,0
1991-12-04,1,3,0,1,8,2,0
1991-12-11,1,3,0,1,8,2,0
1991-12-18,1,3,0,2,9,3,0
1991-12-25,1,3,0,2,9,3,0
1992-01-01,1,3,0,2,10,3,0
1992-01-08,1,4,0,2,11,4,0
1992-01-15,1,4,0,2,11,3,0
1992-01-22,1,5,0,2,12,4,0
1992-01-29,1,5,0,2,13,3,0
1992-02-05,0,4,0,2,11,2,0
1992-02-12,0,4,0,2,11,2,0
1992-02-19,0,4,0,2,11,2,0
1992-02-26,1,4,0,2,10,3,0
1992-03-04,2,4,0,1,9,3,0
1992-03-11,2,4,0,2,10,3,0
1992-03-18,2,5,0,2,11,3,0
1992-03-25,2,5,0,1,10,2,0
1992-04-01,2,3,0,2,9,2,0
1992-04-08,2,2,0,2,10,3,0
1992-04-15,2,2,0,2,10,4,0
1992-04-22,2,2,0,2,10,4,0
1992-04-29,2,2,0,2,9,6,0
1992-05-06,1,1,0,2,9,5,0
1992-05-13,1,1,0,3,9,5,0
1992-05-20,2,1,0,3,9,6,0
1992-05-27,3,1,0,3,9,6,0
1992-06-03,3,1,0,3,10,5,0
1992-06-10,3,3,1,3,12,3,0
1992-06-17,2,3,1,3,11,2,0
1992-06-24,2,4,1,2,11,2,0
1992-07-01,2,4,1,3,11,3,0
1992-07-08,2,4,1,4,9,4,0
1992-07-15,1,4,1,4,10,3,0
1992-07-22,1,4,1,4,10,3,0
1992-07-29,1,5,1,3,11,3,0
1992-08-05,1,6,1,3,10,4,0
1992-08-12,1,6,1,3,11,3,0
1992-08-19,1,6,1,3,10,3,0
1992-08-26,1,7,1,3,11,2,0
1992-09-02,1,7,1,3,9,2,0
1992-09-09,1,7,1,3,9,2,0
1992-09-16,0,6,1,3,9,3,0
1992-09-23,0,5,1,2,9,3,0
1992-09-30,0,4,1,7,9,3,0
1992-10-07,0,4,1,7,8,3,0
1992-10-14,0,5,1,10,9,1,0
1992-10-21,0,5,1,10,9,1,0
1992-10-28,0,4,0,10,10,1,0
1992-11-04,0,5,0,9,10,1,0
1992-11-11,1,5,0,10,10,1,0
1992-11-18,1,4,0,9,10,1,0
1992-11-25,1,6,1,12,9,1,0
1992-12-02,1,5,1,11,9,1,0
1992-12-09,1,5,1,11,9,1,0
1992-12-16,1,6,1,12,8,1,0
1992-12-23,2,5,1,13,7,1,0
1992-12-30,2,5,1,13,8,1,0
1993-01-06,1,4,0,12,8,0,0
1993-01-13,1,5,1,12,9,0,0
1993-01-20,1,5,1,12,10,0,0
1993-01-27,1,5,1,12,10,0,0
1993-02-03,1,5,0,12,10,1,0
1993-02-10,1,6,0,9,13,1,0
1993-02-17,0,4,0,7,14,2,0
1993-02-24,0,5,0,7,14,2,0
1993-03-03,0,4,0,8,13,2,0
1993-03-10,0,4,0,8,13,2,0
1993-03-17,0,3,0,10,11,2,0
1993-03-24,0,5,0,8,13,2,0
1993-03-31,0,5,0,7,13,2,0
1993-04-07,0,5,0,7,13,2,0
1993-04-14,0,6,1,7,13,2,0
1993-04-21,0,6,1,6,13,2,0
1993-04-28,0,5,1,8,13,0,0
1993-05-05,0,4,0,7,14,0,0
1993-05-12,0,6,1,6,15,0,0
1993-05-19,0,6,0,5,14,2,0
1993-05-26,0,6,0,6,13,3,0
1993-06-02,0,6,0,4,13,3,0
1993-06-09,0,6,0,3,12,3,0
1993-06-16,0,8,0,3,14,3,0
1993-06-23,0,8,0,4,12,3,0
1993-06-30,0,9,0,4,12,3,0
1993-07-07,0,8,0,6,12,4,0
1993-07-14,0,8,0,5,12,4,0
1993-07-21,0,8,0,6,12,5,0
1993-07-28,0,8,0,5,13,5,0
1993-08-04,0,7,0,4,14,4,0
1993-08-11,0,8,0,6,14,4,0
1993-08-18,0,10,0,7,14,3,0
1993-08-25,0,10,0,7,13,4,0
1993-09-01,0,9,0,7,13,4,0
1993-09-08,0,8,0,7,12,5,0
1993-09-15,0,7,0,7,12,5,0
1993-09-22,0,7,0,7,12,5,0
1993-09-29,0,6,0,6,11,6,0
1993-10-06,0,4,0,5,11,7,0
1993-10-13,0,6,0,6,10,6,0
1993-10-20,0,6,0,5,11,6,0
1993-10-27,0,5,0,5,12,4,0
1993-11-03,0,6,0,5,13,4,0
1993-11-10,0,7,0,6,14,3,0
1993-11-17,0,7,0,5,13,2,0
1993-11-24,0,7,0,6,13,2,0
1993-12-01,0,7,0,7,14,1,0
1993-12-08,0,7,0,8,13,2,0
1993-12-15,0,7,0,9,13,2,0
1993-12-22,0,5,0,8,13,3,0
1993-12-29,0,6,0,8,13,3,0
1994-01-05,0,6,0,7,13,2,0
1994-01-12,0,6,0,7,13,2,0
1994-01-19,0,6,0,9,12,1,0
1994-01-26,0,7,0,10,11,1,0
1994-02-02,0,7,0,9,11,1,0
1994-02-09,0,5,0,10,11,1,0
1994-02-16,0,5,0,10,9,1,0
1994-02-23,0,4,0,10,11,1,0
1994-03-02,0,4,0,10,11,1,0
1994-03-09,1,3,0,10,12,2,0
1994-03-16,1,3,0,9,12,3,0
1994-03-23,2,3,0,9,11,3,0
1994-03-30,2,2,0,9,11,3,0
1994-04-06,2,3,0,9,10,3,0
1994-04-13,2,3,0,9,10,3,0
1994-04-20,2,3,0,9,10,3,0
1994-04-27,2,3,0,9,10,3,0
1994-05-04,1,3,0,11,10,3,0
1994-05-11,1,4,0,11,10,3,0
1994-05-18,1,4,0,11,10,3,0
1994-05-25,0,5,1,12,9,2,0
1994-06-01,0,5,1,12,10,2,0
1994-06-08,1,6,1,11,10,1,0
1994-06-15,1,6,1,11,10,2,0
1994-06-22,1,4,1,12,9,3,0
1994-06-29,1,3,1,12,9,3,0
1994-07-06,1,4,1,11,11,3,0
1994-07-13,1,4,1,10,10,4,0
1994-07-20,1,4,1,10,10,4,0
1994-07-27,1,4,1,9,11,4,0
1994-08-03,1,4,1,9,11,4,0
1994-08-10,1,5,1,8,12,4,0
1994-08-17,1,6,1,7,14,3,0
1994-08-24,1,5,1,7,13,3,0
1994-08-31,2,5,1,8,12,3,0
1994-09-07,2,6,1,7,12,3,0
1994-09-14,2,5,1,8,13,3,0
1994-09-21,2,5,1,8,13,3,0
1994-09-28,2,5,0,8,12,4,0
1994-10-05,2,5,0,9,11,4,0
1994-10-12,2,6,0,9,12,3,0
1994-10-19,2,6,0,9,11,2,0
1994-10-26,2,6,0,8,12,1,0
1994-11-02,2,6,0,9,11,2,0
1994-11-09,2,6,0,10,11,2,0
1994-11-16,1,7,0,10,11,1,0
1994-11-23,1,7,0,9,10,2,0
1994-11-30,1,8,0,10,10,1,0
1994-12-07,1,9,0,10,10,1,0
1994-12-14,1,8,0,10,10,1,0
1994-12-21,1,9,0,10,9,0,0
1994-12-28,1,8,0,11,8,1,0
1995-01-04,1,8,0,10,9,0,0
1995-01-11,2,7,0,10,9,1,0
1995-01-18,1,7,0,11,8,0,0
1995-01-25,1,6,0,10,10,1,0
1995-02-01,1,5,0,10,9,2,0
1995-02-08,2,5,0,10,9,1,0
1995-02-15,2,5,0,10,9,1,0
1995-02-22,2,5,0,12,8,1,0
1995-03-01,2,5,0,12,9,1,0
1995-03-08,2,4,0,11,10,1,0
1995-03-15,1,6,0,12,10,0,0
1995-03-22,1,6,0,11,11,0,0
1995-03-29,1,6,0,10,11,0,0
1995-04-05,1,5,0,10,11,0,0
1995-04-12,1,4,0,10,11,0,0
1995-04-19,1,4,0,10,11,0,0
1995-04-26,1,4,0,11,10,0,0
1995-05-03,1,5,0,10,10,0,0
1995-05-10,1,5,0,11,9,0,0
1995-05-17,1,4,0,10,10,0,0
1995-05-24,1,3,0,10,10,0,0
1995-05-31,0,4,0,9,11,0,0
1995-06-07,0,4,0,9,11,0,0
1995-06-14,0,4,0,8,14,0,0
1995-06-21,0,3,0,8,13,0,0
1995-06-28,0,4,0,8,13,0,0
1995-07-05,0,3,0,8,12,1,0
1995-07-12,0,3,0,7,13,2,0
1995-07-19,0,3,0,7,12,1,0
1995-07-26,0,3,0,7,11,2,0
1995-08-02,0,3,0,6,11,2,0
1995-08-09,0,4,0,8,11,1,0
1995-08-16,0,3,0,8,11,1,0
1995-08-23,0,3,0,7,13,0,0
1995-08-30,0,1,0,7,14,1,0
1995-09-06,0,1,0,7,14,0,0
1995-09-13,0,0,0,8,13,0,0
1995-09-20,1,0,0,9,12,0,0
1995-09-27,1,0,0,11,11,0,0
1995-10-04,1,0,0,11,11,0,0
1995-10-11,1,0,0,11,11,0,0
1995-10-18,1,0,0,13,9,2,0
1995-10-25,1,0,0,13,9,2,0
1995-11-01,1,0,0,12,9,3,0
1995-11-08,1,0,0,12,9,3,0
1995-11-15,1,1,0,12,10,2,0
1995-11-22,1,2,0,11,10,2,0
1995-11-29,0,2,0,11,11,2,0
1995-12-06,1,3,0,11,11,2,0
1995-12-13,1,3,0,12,10,2,0
1995-12-20,1,3,0,12,10,2,0
1995-12-27,1,3,0,11,10,2,0
1996-01-03,1,3,0,9,12,2,0
1996-01-10,1,3,0,9,12,2,0
1996-01-17,1,3,0,12,11,1,0
1996-01-24,1,2,0,11,12,1,0
1996-01-31,1,2,0,10,12,2,0
1996-02-07,1,2,0,10,10,4,0
1996-02-14,1,2,0,10,9,5,0
1996-02-21,1,1,0,9,10,5,0
1996-02-28,1,1,0,9,10,5,0
1996-03-06,1,2,0,8,11,5,0
1996-03-13,1,2,0,8,10,5,0
1996-03-20,1,2,0,6,11,4,0
1996-03-27,1,2,0,7,12,4,0
1996-04-03,1,3,0,8,13,3,0
1996-04-10,0,3,0,8,13,3,0
1996-04-17,0,4,0,7,14,3,0
1996-04-24,0,3,0,7,14,3,0
1996-05-01,2,3,0,6,13,2,0
1996-05-08,2,3,0,7,12,2,0
1996-05-15,3,4,0,8,11,2,0
1996-05-22,2,4,0,8,11,2,0
1996-05-29,2,4,0,8,10,2,0
1996-06-05,2,3,0,8,9,2,0
1996-06-12,2,4,0,9,9,2,0
1996-06-19,2,4,0,8,9,2,0
1996-06-26,2,4,0,8,10,2,0
1996-07-03,2,4,0,7,12,1,0
1996-07-10,2,5,0,7,12,1,0
1996-07-17,3,4,0,5,13,2,0
1996-07-24,3,4,0,5,13,2,0
1996-07-31,3,4,0,6,12,2,0
1996-08-07,3,4,0,6,11,3,0
1996-08-14,3,4,0,6,11,3,0
1996-08-21,3,3,0,5,10,3,0
1996-08-28,3,4,0,5,9,3,0
1996-09-04,3,4,0,5,10,3,0
1996-09-11,2,4,0,6,11,3,0
1996-09-18,2,4,0,6,11,3,0
1996-09-25,3,4,0,6,11,4,0
1996-10-02,3,3,0,7,10,4,0
1996-10-09,3,3,0,7,10,4,0
1996-10-16,3,4,0,7,11,4,0
1996-10-23,3,4,0,7,11,4,0
1996-10-30,3,4,0,7,11,4,0
1996-11-06,3,5,0,6,12,3,0
1996-11-13,3,5,0,6,12,3,0
1996-11-20,3,6,0,7,11,3,0
1996-11-27,1,7,0,7,11,1,0
1996-12-04,2,6,0,6,11,2,0
1996-12-11,1,6,0,6,12,1,0
1996-12-18,1,6,0,7,11,1,0
1996-12-25,1,4,0,8,11,1,0
1997-01-01,1,4,0,8,11,1,0
1997-01-08,1,4,0,8,11,1,0
1997-01-15,1,3,0,9,10,1,0
1997-01-22,1,4,0,10,9,1,0
1997-01-29,1,5,0,9,10,1,0
1997-02-05,1,5,0,7,12,1,0
1997-02-12,1,5,0,7,12,1,0
1997-02-19,1,5,0,7,12,1,0
1997-02-26,1,6,0,6,13,2,0
1997-03-05,1,6,0,5,14,2,0
1997-03-12,1,5,0,6,14,2,0
1997-03-19,1,5,0,7,13,2,0
1997-03-26,2,3,0,7,13,2,0
1997-04-02,2,3,0,7,13,2,0
1997-04-09,3,3,0,7,13,2,0
1997-04-16,3,3,0,7,13,2,0
1997-04-23,3,3,0,7,13,2,0
1997-04-30,3,2,0,8,11,2,0
1997-05-07,2,3,0,7,12,3,0
1997-05-14,2,3,0,6,13,3,0
1997-05-21,4,3,0,6,11,4,0
1997-05-28,3,2,0,6,11,4,0
1997-06-04,3,2,0,6,11,4,0
1997-06-11,3,2,0,6,11,4,0
1997-06-18,2,2,0,6,11,3,0
1997-06-25,2,2,0,6,11,3,0
1997-07-02,1,1,0,8,10,4,0
1997-07-09,2,1,0,9,9,4,0
1997-07-16,2,2,0,8,10,3,0
1997-07-23,1,2,0,8,10,3,0
1997-07-30,2,2,0,9,8,4,0
1997-08-06,2,2,0,9,9,3,0
1997-08-13,1,3,0,10,9,4,0
1997-08-20,1,3,0,8,10,4,0
1997-08-27,1,3,0,9,10,4,0
1997-09-03,2,3,0,11,9,3,0
1997-09-10,2,3,0,13,8,3,0
1997-09-17,2,3,0,14,8,3,0
1997-09-24,2,4,0,13,9,2,0
1997-10-01,2,5,0,12,10,2,0
1997-10-08,1,5,0,10,11,3,0
1997-10-15,1,5,0,10,10,4,0
1997-10-22,1,5,0,10,10,4,0
1997-10-29,2,5,0,9,10,4,0
1997-11-05,2,3,0,7,9,4,0
1997-11-12,2,3,0,7,11,4,0
1997-11-19,1,3,0,8,10,4,0
1997-11-26,1,3,0,8,10,4,0
1997-12-03,1,3,0,8,10,4,0
1997-12-10,1,3,0,8,10,4,0
1997-12-17,1,4,0,7,11,4,0
1997-12-24,1,3,0,6,12,4,0
1997-12-31,1,3,0,6,12,4,0
1998-01-07,1,3,0,6,12,4,0
1998-01-14,2,2,0,6,11,5,0
1998-01-21,2,3,0,6,12,4,0
1998-01-28,2,3,0,7,11,4,0
1998-02-04,2,3,0,7,11,4,0
1998-02-11,1,3,0,7,12,4,0
1998-02-18,1,4,0,8,12,3,0
1998-02-25,1,5,1,10,12,2,0
1998-03-04,1,5,1,10,12,3,0
1998-03-11,0,4,1,9,13,3,0
1998-03-18,1,3,1,10,11,3,0
1998-03-25,1,3,1,9,12,1,0
1998-04-01,1,3,1,9,12,1,0
1998-04-08,1,3,1,8,12,1,0
1998-04-15,1,3,1,7,12,1,0
1998-04-22,1,3,1,8,13,1,0
1998-04-29,1,3,1,7,12,1,0
1998-05-06,1,3,0,7,14,1,0
1998-05-13,1,2,0,7,12,1,0
1998-05-20,1,2,0,7,13,1,0
1998-05-27,2,2,0,7,11,1,0
1998-06-03,2,2,0,7,12,1,0
1998-06-10,2,2,0,7,12,1,0
1998-06-17,2,2,0,6,14,1,0
1998-06-24,2,3,0,6,14,1,0
1998-07-01,3,3,0,6,13,1,0
1998-07-08,3,3,0,6,12,1,0
1998-07-15,3,4,0,7,11,1,0
1998-07-22,2,4,0,7,12,1,0
1998-07-29,2,5,0,10,11,1,0
1998-08-05,2,4,0,8,12,1,0
1998-08-12,2,3,0,7,13,1,0
1998-08-19,3,3,0,6,12,0,0
1998-08-26,3,3,0,6,12,0,0
1998-09-02,3,3,0,6,11,1,0
1998-09-09,3,4,0,6,11,1,0
1998-09-16,3,4,0,6,11,1,0
1998-09-23,3,4,0,7,10,2,0
1998-09-30,3,3,0,7,10,3,0
1998-10-07,2,2,0,8,10,3,0
1998-10-14,1,2,0,7,11,3,0
1998-10-21,1,3,0,8,10,3,0
1998-10-28,1,3,0,8,11,3,0
1998-11-04,1,2,0,7,11,3,0
1998-11-11,1,2,0,6,12,3,0
1998-11-18,1,2,0,6,12,3,0
1998-11-25,1,2,0,6,12,3,0
1998-12-02,2,1,0,9,9,6,0
1998-12-09,2,1,0,9,8,6,0
1998-12-16,3,1,0,9,8,5,0
1998-12-23,2,2,0,10,8,5,0
1998-12-30,3,2,0,9,8,4,0
1999-01-06,3,2,0,8,8,4,0
1999-01-13,3,1,0,9,8,5,0
1999-01-20,2,1,0,10,8,5,0
1999-01-27,2,1,0,8,7,4,0
1999-02-03,2,1,0,9,7,4,0
1999-02-10,2,1,0,10,6,5,0
1999-02-17,2,1,0,10,7,5,0
1999-02-24,2,1,0,10,7,4,0
1999-03-03,1,1,0,12,8,5,0
1999-03-10,1,2,0,13,8,5,0
1999-03-17,1,2,0,12,10,3,0
1999-03-24,1,2,0,12,10,3,0
1999-03-31,1,2,0,11,10,4,0
1999-04-07,1,3,1,11,10,4,0
1999-04-14,2,3,1,10,9,4,0
1999-04-21,2,3,1,10,9,3,0
1999-04-28,2,3,2,10,9,4,0
1999-05-05,2,2,1,11,8,4,0
1999-05-12,1,1,1,10,10,4,0
1999-05-19,2,1,1,10,10,4,0
1999-05-26,2,2,1,11,9,4,0
1999-06-02,2,2,1,12,9,4,0
1999-06-09,2,2,1,13,9,4,0
1999-06-16,2,2,1,11,10,3,0
1999-06-23,1,2,1,11,11,2,0
1999-06-30,1,2,1,11,11,3,0
1999-07-07,1,3,1,11,11,2,0
1999-07-14,2,3,1,10,10,2,0
1999-07-21,2,4,1,11,9,2,0
1999-07-28,2,3,1,10,9,2,0
1999-08-04,1,4,2,10,7,3,0
1999-08-11,1,4,2,10,8,3,0
1999-08-18,1,3,1,8,9,3,0
1999-08-25,1,3,1,8,7,3,0
1999-09-01,0,3,1,10,8,3,0
1999-09-08,0,4,2,13,5,3,0
1999-09-15,0,4,2,13,5,3,0
1999-09-22,1,3,2,13,5,3,0
1999-09-29,1,5,3,14,5,3,0
1999-10-06,0,6,3,14,6,4,0
1999-10-13,0,6,3,13,6,4,0
1999-10-20,0,5,2,11,8,4,0
1999-10-27,0,6,2,11,8,4,0
1999-11-03,0,5,1,10,9,3,0
1999-11-10,0,6,1,10,10,3,0
1999-11-17,0,6,1,11,9,4,0
1999-11-24,0,5,1,10,8,4,0
1999-12-01,0,5,1,10,9,3,0
1999-12-08,0,3,1,10,9,3,0
1999-12-15,0,4,1,10,9,2,0
1999-12-22,0,5,1,11,8,2,0
1999-12-29,0,6,1,11,7,2,0
2000-01-05,0,6,1,10,7,1,0
2000-01-12,0,6,1,10,7,2,0
2000-01-19,2,6,1,11,7,3,0
2000-01-26,1,5,1,10,7,3,0
2000-02-02,1,5,1,11,6,3,0
2000-02-09,1,5,1,11,6,3,0
2000-02-16,1,6,1,12,6,3,0
2000-02-23,2,6,0,12,6,3,0
2000-03-01,2,6,1,11,6,3,0
2000-03-08,2,6,0,12,7,2,0
2000-03-15,2,5,1,11,6,3,0
2000-03-22,2,4,0,13,5,4,0
2000-03-29,2,4,0,13,5,4,0
2000-04-05,2,4,0,13,5,4,0
2000-04-12,3,4,1,10,6,4,0
2000-04-19,3,4,1,9,7,3,0
2000-04-26,3,5,2,9,7,2,0
2000-05-03,3,5,2,8,8,2,0
2000-05-10,2,5,2,8,8,2,0
2000-05-17,2,6,2,8,7,3,0
2000-05-24,2,6,2,8,7,3,0
2000-05-31,2,6,2,8,7,3,0
2000-06-07,1,5,2,9,7,4,0
2000-06-14,1,5,2,8,8,4,0
2000-06-21,1,5,2,10,7,4,0
2000-06-28,1,5,2,11,6,4,0
2000-07-05,1,5,2,12,6,4,0
2000-07-12,1,5,2,10,7,4,0
2000-07-19,1,4,2,8,8,4,0
2000-07-26,1,4,2,8,8,4,0
2000-08-02,1,2,1,6,9,5,0
2000-08-09,1,1,0,7,10,5,0
2000-08-16,1,1,0,7,10,5,0
2000-08-23,1,1,0,7,10,5,0
2000-08-30,1,1,0,7,10,5,0
2000-09-06,1,2,0,8,9,5,0
2000-09-13,1,2,0,7,10,5,0
2000-09-20,1,2,0,9,9,4,0
2000-09-27,1,2,0,8,9,5,0
2000-10-04,0,2,0,7,12,4,0
2000-10-11,1,2,0,7,10,4,0
2000-10-18,1,2,0,8,9,4,0
2000-10-25,1,2,0,8,9,4,0
2000-11-01,1,3,1,9,8,3,0
2000-11-08,1,3,1,10,9,3,0
2000-11-15,1,4,1,11,8,3,0
2000-11-22,1,4,1,12,6,3,0
2000-11-29,1,3,1,14,6,3,0
2000-12-06,1,2,1,14,6,3,0
2000-12-13,1,2,0,13,7,3,0
2000-12-20,1,1,0,13,7,3,0
2000-12-27,1,2,0,13,6,2,0
2001-01-03,1,2,0,13,6,3,0
2001-01-10,1,2,0,12,6,2,0
2001-01-17,1,4,0,13,7,2,0
2001-01-24,1,4,0,11,8,2,0
2001-01-31,1,3,0,11,7,2,0
2001-02-07,2,2,0,11,7,2,0
2001-02-14,2,3,1,11,7,2,0
2001-02-21,2,3,1,10,6,3,0
2001-02-28,2,3,1,10,7,2,0
2001-03-07,1,3,1,11,7,2,0
2001-03-14,2,3,1,10,7,2,0
2001-03-21,1,3,1,9,8,3,0
2001-03-28,1,3,1,9,7,4,0
2001-04-04,0,3,1,10,8,4,0
2001-04-11,1,0,0,7,10,4,0
2001-04-18,1,0,0,7,10,4,0
2001-04-25,0,1,0,8,10,4,0
2001-05-02,0,2,0,8,11,4,0
2001-05-09,0,3,0,11,10,3,0
2001-05-16,0,4,0,11,10,2,0
2001-05-23,0,3,0,11,11,3,0
2001-05-30,0,4,0,12,12,2,0
2001-06-06,1,4,0,11,12,3,0
2001-06-13,1,4,0,12,11,3,0
2001-06-20,1,4,0,12,11,3,0
2001-06-27,1,4,0,12,11,3,0
2001-07-04,1,4,0,12,12,3,0
2001-07-11,1,4,0,11,12,4,0
2001-07-18,0,3,0,11,13,4,0
2001-07-25,0,2,0,8,13,4,0
2001-08-01,0,2,0,8,14,4,0
2001-08-08,0,2,0,9,14,4,0
2001-08-15,1,2,0,8,13,4,0
2001-08-22,1,1,0,8,13,4,0
2001-08-29,1,1,0,8,12,4,0
2001-09-05,0,2,0,8,13,5,0
2001-09-12,0,2,0,8,13,5,0
2001-09-19,0,2,0,7,14,4,0
2001-09-26,1,2,0,6,14,3,0
2001-10-03,0,2,0,7,14,3,0
2001-10-10,0,3,0,7,14,3,0
2001-10-17,0,4,1,9,11,4,0
2001-10-24,0,5,1,9,12,3,0
2001-10-31,0,5,1,8,11,4,0
2001-11-07,0,4,1,7,11,4,0
2001-11-14,1,4,1,9,9,6,0
2001-11-21,1,4,1,10,9,4,0
2001-11-28,1,4,1,10,9,4,0
2001-12-05,1,5,2,9,8,4,0
2001-12-12,1,5,2,9,9,3,0
2001-12-19,1,5,2,10,8,4,0
2001-12-26,2,5,2,10,7,4,0
2002-01-02,0,4,2,9,10,5,0
2002-01-09,1,4,2,9,10,6,0
2002-01-16,1,4,2,9,10,6,0
2002-01-23,0,4,2,9,10,5,0
2002-01-30,0,4,2,9,10,5,0
2002-02-06,0,4,2,10,9,5,0
2002-02-13,0,4,2,10,9,5,0
2002-02-20,0,4,2,10,8,6,0
2002-02-27,0,3,1,9,9,6,0
2002-03-06,0,3,1,10,8,6,0
2002-03-13,0,3,0,10,10,6,0
2002-03-20,0,3,0,10,10,6,0
2002-03-27,0,4,1,10,10,6,0
2002-04-03,0,4,1,11,8,6,0
2002-04-10,0,4,1,11,9,5,0
2002-04-17,0,4,1,11,9,6,0
2002-04-24,0,5,2,12,8,6,0
2002-05-01,0,5,2,11,9,6,0
2002-05-08,0,5,2,12,8,7,0
2002-05-15,0,4,1,11,8,7,0
2002-05-22,0,4,1,14,9,7,0
2002-05-29,0,4,1,13,10,5,0
2002-06-05,0,3,0,13,10,6,0
2002-06-12,0,3,0,14,9,6,0
2002-06-19,0,2,0,13,10,6,0
2002-06-26,1,2,0,14,9,5,0
2002-07-03,1,1,0,12,10,4,0
2002-07-10,1,1,0,12,11,2,0
2002-07-17,1,1,0,12,11,2,0
2002-07-24,2,1,0,14,11,2,0
2002-07-31,1,2,0,14,11,2,0
2002-08-07,1,2,0,14,11,2,0
2002-08-14,1,2,0,13,11,2,0
2002-08-21,2,2,0,13,10,3,0
2002-08-28,2,1,0,13,10,3,0
2002-09-04,2,1,0,13,10,3,0
2002-09-11,1,1,0,14,11,3,0
2002-09-18,1,1,0,13,12,2,0
2002-09-25,1,1,0,13,14,1,0
2002-10-02,0,2,0,13,13,2,0
2002-10-09,0,1,0,13,13,2,0
2002-10-16,0,1,0,11,13,2,0
2002-10-23,0,1,0,12,11,2,0
2002-10-30,0,2,0,14,10,2,0
2002-11-06,0,2,0,13,11,2,0
2002-11-13,1,2,0,12,10,2,0
2002-11-20,1,2,0,11,10,2,0
2002-11-27,1,2,0,11,11,3,0
2002-12-04,1,2,0,11,11,3,0
2002-12-11,1,2,0,10,12,3,0
2002-12-18,1,1,0,9,13,3,0
2002-12-25,1,1,0,9,13,2,0
2003-01-01,1,3,0,12,10,2,0
2003-01-08,2,3,0,13,9,2,0
2003-01-15,1,3,0,12,10,2,0
2003-01-22,1,3,0,12,10,2,0
2003-01-29,1,4,0,10,12,2,0
2003-02-05,1,4,0,9,13,2,0
2003-02-12,1,4,0,10,12,2,0
2003-02-19,1,4,0,9,13,2,0
2003-02-26,1,4,0,9,13,2,0
2003-03-05,1,4,0,8,13,2,0
2003-03-12,1,4,0,8,12,2,0
2003-03-19,1,4,0,7,13,2,0
2003-03-26,1,4,0,5,14,2,0
2003-04-02,0,4,0,7,15,2,0
2003-04-09,0,3,0,6,16,2,0
2003-04-16,0,3,0,7,15,2,0
2003-04-23,0,3,0,7,15,3,0
2003-04-30,0,2,0,6,14,3,0
2003-05-07,0,2,0,7,13,4,0
2003-05-14,0,2,0,7,14,4,0
2003-05-21,0,3,0,8,13,4,0
2003-05-28,0,3,0,8,12,4,0
2003-06-04,0,5,0,8,14,4,0
2003-06-11,0,5,0,9,13,4,0
2003-06-18,0,4,0,8,12,3,0
2003-06-25,0,4,1,9,12,3,0
2003-07-02,0,3,1,10,13,3,0
2003-07-09,0,2,0,10,13,3,0
2003-07-16,0,2,0,11,14,2,0
2003-07-23,0,2,0,10,13,2,0
2003-07-30,0,2,0,14,14,3,0
2003-08-06,0,2,0,14,14,3,0
2003-08-13,0,2,0,14,14,3,0
2003-08-20,1,2,0,14,13,3,0
2003-08-27,1,3,0,15,14,3,0
2003-09-03,2,3,0,14,14,2,0
2003-09-10,3,4,0,15,12,2,0
2003-09-17,2,4,0,16,12,3,0
2003-09-24,1,5,0,14,13,2,0
2003-10-01,1,5,0,13,14,2,0
2003-10-08,1,5,0,13,14,2,0
2003-10-15,0,5,0,13,15,2,0
2003-10-22,0,5,0,12,15,2,0
2003-10-29,0,3,0,12,15,3,0
2003-11-05,0,2,0,11,15,4,0
2003-11-12,0,2,0,11,15,4,0
2003-11-19,0,2,0,10,15,4,0
2003-11-26,0,2,0,9,17,2,0
2003-12-03,0,2,0,8,16,3,0
2003-12-10,0,2,0,7,16,3,0
2003-12-17,0,2,0,6,17,3,0
2003-12-24,0,3,0,8,17,3,0
2003-12-31,0,3,0,8,17,3,0
2004-01-07,0,3,0,8,17,3,0
2004-01-14,0,3,0,8,16,3,0
2004-01-21,1,2,0,7,15,4,0
2004-01-28,1,2,0,9,15,4,0
2004-02-04,1,2,0,9,15,4,0
2004-02-11,1,2,0,10,14,4,0
2004-02-18,1,2,0,11,15,4,0
2004-02-25,0,4,0,11,15,3,0
2004-03-03,1,4,0,13,14,2,0
2004-03-10,1,4,0,13,14,2,0
2004-03-17,1,4,0,14,14,2,0
2004-03-24,1,4,0,12,15,2,0
2004-03-31,1,4,0,12,14,2,0
2004-04-07,1,4,0,14,16,1,0
2004-04-14,0,4,0,13,17,1,0
2004-04-21,0,4,0,13,16,2,0
2004-04-28,0,4,0,12,16,2,0
2004-05-05,0,4,0,12,16,2,0
2004-05-12,0,5,0,13,16,2,0
2004-05-19,0,5,0,12,16,2,0
2004-05-26,0,5,0,12,17,2,0
2004-06-02,0,4,0,12,17,2,0
2004-06-09,0,4,0,12,17,2,0
2004-06-16,0,5,0,11,16,2,0
2004-06-23,0,5,0,11,15,2,0
2004-06-30,0,6,0,11,14,2,0
2004-07-07,0,6,0,11,14,2,0
2004-07-14,0,5,0,10,12,2,0
2004-07-21,0,5,0,11,13,2,0
2004-07-28,0,4,0,10,13,2,0
2004-08-04,0,3,0,11,13,2,0
2004-08-11,0,3,0,12,13,2,0
2004-08-18,0,3,0,13,12,3,0
2004-08-25,0,2,0,11,13,3,0
2004-09-01,0,2,0,10,14,2,0
2004-09-08,0,1,0,9,13,2,0
2004-09-15,0,1,0,9,14,3,0
2004-09-22,0,1,0,9,14,3,0
2004-09-29,0,1,0,9,13,3,0
2004-10-06,0,1,0,9,12,2,0
2004-10-13,0,1,0,10,13,2,0
2004-10-20,0,1,0,10,14,2,0
2004-10-27,0,1,0,10,14,2,0
2004-11-03,0,1,0,11,15,2,0
2004-11-10,0,1,0,10,16,2,0
2004-11-17,0,1,0,10,17,1,0
2004-11-24,1,1,0,10,15,1,0
2004-12-01,1,1,0,9,16,1,0
2004-12-08,1,1,0,9,16,1,0
2004-12-15,1,1,0,8,15,2,0
2004-12-22,1,1,0,9,16,1,0
2004-12-29,1,1,0,8,16,2,0
2005-01-05,1,1,0,8,16,2,0
2005-01-12,1,1,0,9,16,2,0
2005-01-19,2,1,0,10,14,3,0
2005-01-26,2,1,0,9,14,2,0
2005-02-02,1,2,0,10,14,1,0
2005-02-09,1,3,0,11,11,1,0
2005-02-16,0,4,0,10,13,1,0
2005-02-23,0,4,0,10,12,1,0
2005-03-02,1,4,0,10,11,1,0
2005-03-09,0,4,0,9,12,2,0
2005-03-16,0,4,0,9,13,1,0
2005-03-23,0,3,0,8,11,3,0
2005-03-30,0,3,0,8,10,3,0
2005-04-06,0,2,0,9,9,3,0
2005-04-13,0,2,0,9,10,3,0
2005-04-20,0,3,0,11,9,4,0
2005-04-27,0,3,0,10,10,3,0
2005-05-04,0,2,0,10,9,5,0
2005-05-11,0,3,0,10,9,4,0
2005-05-18,0,3,0,11,8,4,0
2005-05-25,0,3,0,11,7,4,0
2005-06-01,0,3,0,9,8,4,0
2005-06-08,0,4,0,11,8,3,0
2005-06-15,1,4,0,10,8,4,0
2005-06-22,0,4,0,10,8,5,0
2005-06-29,0,5,0,12,6,5,0
2005-07-06,0,5,0,14,8,3,0
2005-07-13,0,5,0,14,8,2,0
2005-07-20,0,6,0,14,9,2,0
2005-07-27,0,6,0,15,9,3,0
2005-08-03,0,5,0,14,10,4,0
2005-08-10,0,6,0,14,10,5,0
2005-08-17,0,7,0,14,9,5,0
2005-08-24,0,8,0,16,8,4,0
2005-08-31,0,7,0,15,8,4,0
2005-09-07,0,5,0,14,9,5,0
2005-09-14,0,6,0,15,8,5,0
2005-09-21,0,7,0,15,7,5,0
2005-09-28,0,6,0,15,8,5,0
2005-10-05,0,5,0,13,8,6,0
2005-10-12,0,4,0,11,10,6,0
2005-10-19,0,4,0,11,10,6,0
2005-10-26,0,4,0,11,11,6,0
2005-11-02,0,4,0,11,11,5,0
2005-11-09,0,2,0,9,13,5,0
2005-11-16,0,4,0,10,13,4,0
2005-11-23,0,5,0,10,13,3,0
2005-11-30,0,5,0,9,14,2,0
2005-12-07,0,5,0,10,14,2,0
2005-12-14,0,4,0,10,13,2,0
2005-12-21,0,5,0,10,14,1,0
2005-12-28,0,4,0,9,15,1,0
2006-01-04,0,4,0,10,13,3,0
2006-01-11,0,4,0,12,10,5,0
2006-01-18,1,4,0,12,11,5,0
2006-01-25,1,4,0,10,12,3,0
2006-02-01,1,5,0,11,12,3,0
2006-02-08,1,4,0,10,13,2,0
2006-02-15,1,4,0,10,13,2,0
2006-02-22,1,3,0,11,13,2,0
2006-03-01,1,4,0,11,11,2,0
2006-03-08,1,3,0,10,12,2,0
2006-03-15,2,2,0,11,13,2,0
2006-03-22,3,3,0,10,12,1,0
2006-03-29,2,3,0,10,13,1,0
2006-04-05,2,3,0,11,12,2,0
2006-04-12,2,3,0,10,13,1,0
2006-04-19,3,3,0,9,11,1,0
2006-04-26,3,2,0,7,10,1,0
2006-05-03,4,2,0,8,8,4,0
2006-05-10,4,3,1,11,7,3,0
2006-05-17,3,3,1,9,9,3,0
2006-05-24,3,4,1,10,9,3,0
2006-05-31,3,5,1,11,7,3,0
2006-06-07,2,5,1,12,7,3,0
2006-06-14,2,5,1,12,8,3,0
2006-06-21,2,6,1,12,6,4,0
2006-06-28,3,5,1,11,6,3,0
2006-07-05,3,7,1,13,4,3,0
2006-07-12,3,5,1,11,5,3,0
2006-07-19,3,5,1,12,7,3,0
2006-07-26,3,6,2,11,8,3,0
2006-08-02,1,6,2,10,10,3,0
2006-08-09,1,8,2,12,9,2,0
2006-08-16,1,8,2,12,9,2,0
2006-08-23,1,7,2,12,10,2,0
2006-08-30,1,5,1,10,10,3,0
2006-09-06,0,5,1,9,8,3,0
2006-09-13,0,5,1,9,7,4,0
2006-09-20,1,5,1,12,9,4,0
2006-09-27,1,6,1,12,8,5,0
2006-10-04,2,6,1,12,7,5,0
2006-10-11,1,5,0,11,7,5,0
2006-10-18,1,6,0,13,5,5,0
2006-10-25,1,5,0,13,6,4,0
2006-11-01,1,5,0,14,5,4,0
2006-11-08,1,4,0,14,5,5,0
2006-11-15,1,5,1,14,7,6,0
2006-11-22,2,5,1,14,8,4,0
2006-11-29,2,5,1,13,8,5,0
2006-12-06,2,5,1,13,9,4,0
2006-12-13,1,7,1,14,8,4,0
2006-12-20,1,6,1,15,7,4,0
2006-12-27,1,6,1,16,8,4,0
2007-01-03,1,5,1,16,7,5,0
2007-01-10,2,6,1,14,6,5,0
2007-01-17,3,5,1,16,7,4,0
2007-01-24,1,6,1,15,9,4,0
2007-01-31,1,6,1,14,8,5,0
2007-02-07,1,6,1,11,9,4,0
2007-02-14,1,5,1,10,9,4,0
2007-02-21,0,7,1,9,9,2,0
2007-02-28,1,6,1,9,9,2,0
2007-03-07,0,5,1,9,11,2,0
2007-03-14,0,5,0,11,9,2,0
2007-03-21,0,5,0,11,9,3,0
2007-03-28,0,5,0,10,10,3,0
2007-04-04,0,6,0,11,9,3,0
2007-04-11,1,6,0,11,9,2,0
2007-04-18,1,6,0,11,8,3,0
2007-04-25,1,6,0,12,8,3,0
2007-05-02,1,4,0,10,10,3,0
2007-05-09,2,4,0,12,9,1,0
2007-05-16,2,4,0,11,7,2,0
2007-05-23,2,4,0,11,8,2,0
2007-05-30,1,4,0,10,8,4,0
2007-06-06,1,7,0,12,5,4,0
2007-06-13,1,6,0,11,6,3,0
2007-06-20,1,5,0,11,6,3,0
2007-06-27,1,4,0,10,8,3,0
2007-07-04,1,4,0,10,8,3,0
2007-07-11,1,3,0,9,8,3,0
2007-07-18,1,3,0,10,9,4,0
2007-07-25,1,3,0,12,9,3,0
2007-08-01,0,4,0,10,7,2,0
2007-08-08,1,4,0,9,10,2,0
2007-08-15,0,3,0,10,11,2,0
2007-08-22,0,3,0,11,11,2,0
2007-08-29,0,4,0,12,11,1,0
2007-09-05,0,3,0,11,11,1,0
2007-09-12,1,3,0,10,11,1,0
2007-09-19,0,4,0,12,11,2,0
2007-09-26,1,4,0,11,11,2,0
2007-10-03,1,3,0,11,10,3,0
2007-10-10,2,4,0,12,9,2,0
2007-10-17,1,5,0,12,9,2,0
2007-10-24,1,4,0,12,9,3,0
2007-10-31,1,4,0,12,9,4,0
2007-11-07,2,4,0,13,8,4,0
2007-11-14,1,5,0,14,10,2,0
2007-11-21,1,5,0,14,10,2,0
2007-11-28,1,5,0,14,9,3,0
2007-12-05,1,4,0,13,10,3,0
2007-12-12,1,5,0,14,10,2,0
2007-12-19,1,4,0,12,11,1,0
2007-12-26,1,4,0,13,10,1,0
2008-01-02,1,4,0,13,10,1,0
2008-01-09,1,4,0,15,8,1,0
2008-01-16,1,5,0,15,7,1,0
2008-01-23,1,5,0,14,7,1,0
2008-01-30,1,5,0,13,7,2,0
2008-02-06,1,5,0,12,8,2,0
2008-02-13,1,3,0,11,8,2,0
2008-02-20,1,3,0,11,8,2,0
2008-02-27,1,3,0,11,9,2,0
2008-03-05,0,4,0,10,10,1,0
2008-03-12,0,3,0,9,13,1,0
2008-03-19,0,4,0,10,12,1,0
2008-03-26,0,4,0,12,11,1,0
2008-04-02,0,4,0,13,11,1,0
2008-04-09,1,4,0,12,9,1,0
2008-04-16,1,4,0,13,9,2,0
2008-04-23,0,4,0,12,9,2,0
2008-04-30,1,5,0,15,8,1,0
2008-05-07,1,5,0,16,8,1,0
2008-05-14,2,5,0,16,8,1,0
2008-05-21,1,5,0,14,7,2,0
2008-05-28,1,7,0,15,10,0,0
2008-06-04,1,5,0,10,5,2,0
2008-06-11,0,6,0,13,7,2,0
2008-06-18,0,6,0,12,6,2,0
2008-06-25,1,6,0,13,5,2,0
2008-07-02,0,7,0,14,5,1,0
2008-07-09,1,7,0,15,5,1,0
2008-07-16,1,6,0,15,5,1,0
2008-07-23,0,5,0,13,9,1,0
2008-07-30,0,5,0,14,8,1,0
2008-08-06,0,5,0,13,8,1,0
2008-08-13,0,5,0,13,7,1,0
2008-08-20,0,5,0,15,8,1,0
2008-08-27,0,4,0,15,8,1,0
2008-09-03,0,5,0,13,8,2,0
2008-09-10,1,6,0,15,9,2,0
2008-09-17,1,6,0,15,8,2,0
2008-09-24,1,4,0,15,9,2,0
2008-10-01,1,3,0,15,9,2,0
2008-10-08,1,2,0,14,8,2,0
2008-10-15,1,3,0,14,9,2,0
2008-10-22,1,5,0,15,8,2,0
2008-10-29,1,4,0,14,7,2,0
2008-11-05,1,4,0,14,8,2,0
2008-11-12,1,4,0,15,7,2,0
2008-11-19,1,4,0,17,8,2,0
2008-11-26,1,4,0,17,8,1,0
2008-12-03,2,5,0,16,8,1,0
2008-12-10,2,5,0,17,9,2,0
2008-12-17,2,5,0,17,8,2,0
2008-12-24,2,5,0,16,9,1,0
2008-12-31,2,6,0,17,7,2,0
2009-01-07,1,7,0,18,7,2,0
2009-01-14,1,7,0,18,7,2,0
2009-01-21,2,6,0,18,7,3,0
2009-01-28,2,6,0,19,6,3,0
2009-02-04,2,6,0,17,6,3,0
2009-02-11,2,6,0,17,6,3,0
2009-02-18,2,6,0,16,8,2,0
2009-02-25,2,4,0,14,8,2,0
2009-03-04,2,4,0,13,10,2,0
2009-03-11,2,3,0,13,9,2,0
2009-03-18,1,3,0,13,10,2,0
2009-03-25,2,2,0,12,9,2,0
2009-04-01,2,2,0,12,9,2,0
2009-04-08,1,2,0,13,11,2,0
2009-04-15,1,2,0,13,11,2,0
2009-04-22,1,2,0,13,12,2,0
2009-04-29,1,2,0,14,7,3,0
2009-05-06,1,4,1,14,8,3,0
2009-05-13,1,3,1,14,9,3,0
2009-05-20,0,3,1,12,11,3,0
2009-05-27,0,4,1,12,11,2,0
2009-06-03,1,4,1,8,8,2,0
2009-06-10,1,5,2,12,10,1,0
2009-06-17,0,2,1,1,3,0,0
2009-06-24,1,7,3,14,7,1,0
2009-07-01,0,7,3,15,8,1,0
2009-07-08,0,7,3,14,7,4,0
2009-07-15,0,7,3,14,7,3,0
2009-07-22,0,8,3,15,8,2,0
2009-07-29,0,8,3,15,8,2,0
2009-08-05,0,8,2,15,8,2,0
2009-08-12,0,8,3,14,8,2,0
2009-08-19,0,9,4,14,8,1,0
2009-08-26,0,9,4,15,7,1,0
2009-09-02,1,9,4,15,7,1,0
2009-09-09,0,7,2,13,6,1,0
2009-09-16,2,7,2,15,7,1,0
2009-09-23,1,6,2,16,8,1,0
2009-09-30,0,5,2,17,11,1,0
2009-10-07,1,5,2,16,10,1,0
2009-10-14,1,5,2,15,9,1,0
2009-10-21,1,5,0,15,5,1,0
2009-10-28,2,5,0,16,6,1,0
2009-11-04,1,6,0,16,5,1,0
2009-11-11,0,5,0,18,4,1,0
2009-11-18,0,6,0,17,4,1,0
2009-11-25,1,6,0,17,4,0,0
2009-12-02,1,6,0,17,4,0,0
2009-12-09,1,6,0,16,4,0,0
2009-12-16,1,6,0,17,3,0,0
2009-12-23,1,5,0,17,5,0,0
2009-12-30,0,6,0,18,5,0,0
2010-01-06,0,5,0,19,3,0,0
2010-01-13,1,5,0,18,4,0,0
2010-01-20,1,4,0,18,5,0,0
2010-01-27,2,4,0,17,4,1,0
2010-02-03,2,4,0,16,4,1,0
2010-02-10,2,4,0,16,4,1,0
2010-02-17,2,5,0,17,4,1,0
2010-02-24,2,4,0,16,4,1,0
2010-03-03,2,3,0,15,4,1,0
2010-03-10,2,3,0,16,4,1,0
2010-03-17,2,3,0,15,4,1,0
2010-03-24,2,3,0,15,4,1,0
2010-03-31,2,2,0,18,5,2,0
2010-04-07,2,2,0,18,4,2,0
2010-04-14,2,3,0,18,6,2,0
2010-04-21,2,3,0,17,6,3,0
2010-04-28,2,3,0,17,6,1,0
2010-05-05,2,3,0,17,6,1,0
2010-05-12,2,3,0,16,6,1,0
2010-05-19,2,3,0,15,5,1,0
2010-05-26,2,3,0,18,7,1,0
2010-06-02,2,3,0,18,7,1,0
2010-06-09,2,4,0,17,5,1,0
2010-06-16,2,4,0,18,6,1,0
2010-06-23,2,4,0,17,6,1,0
2010-06-30,2,3,0,17,6,1,0
2010-07-07,1,3,0,16,5,1,0
2010-07-14,1,2,0,17,6,1,0
2010-07-21,1,2,0,18,7,1,0
2010-07-28,1,3,0,17,7,1,0
2010-08-04,1,4,0,18,7,1,0
2010-08-11,2,4,0,17,7,2,0
2010-08-18,2,4,0,17,8,2,0
2010-08-25,0,4,0,18,9,1,0
2010-09-01,0,4,0,18,9,1,0
2010-09-08,0,4,0,18,9,1,0
2010-09-15,0,3,0,16,9,1,0
2010-09-22,0,3,0,15,9,1,0
2010-09-29,0,4,0,15,10,1,0
2010-10-06,0,4,0,15,10,1,0
2010-10-13,0,4,0,15,8,2,0
2010-10-20,0,4,0,15,9,1,0
2010-10-27,1,4,0,14,9,1,0
2010-11-03,0,4,0,14,10,1,0
2010-11-10,0,4,0,14,10,1,0
2010-11-17,0,6,0,15,8,1,0
2010-11-24,2,7,0,14,6,1,0
2010-12-01,0,7,0,15,6,1,0
2010-12-08,0,8,1,15,6,1,0
2010-12-15,0,7,0,15,7,1,0
2010-12-22,0,8,1,17,7,0,0
2010-12-29,0,7,1,17,8,0,0
2011-01-05,0,6,0,17,8,0,0
2011-01-12,0,7,0,17,8,0,0
2011-01-19,0,7,1,17,8,0,0
2011-01-26,0,7,1,19,5,0,0
2011-02-02,0,7,1,18,6,0,0
2011-02-09,0,6,1,18,6,0,0
2011-02-16,0,5,0,18,7,0,0
2011-02-23,0,6,0,18,5,0,0
2011-03-02,0,5,0,19,8,0,0
2011-03-09,0,6,0,18,7,0,0
2011-03-16,0,7,0,17,7,0,0
2011-03-23,0,6,0,17,7,0,0
2011-03-30,0,6,0,15,6,0,0
2011-04-06,0,6,0,17,8,0,0
2011-04-13,0,6,0,16,7,0,0
2011-04-20,1,6,0,13,6,0,0
2011-04-27,0,6,1,14,7,0,0
2011-05-04,0,6,1,14,7,0,0
2011-05-11,0,7,2,14,7,0,0
2011-05-18,1,8,2,12,6,0,0
2011-05-25,1,6,1,11,5,0,0
2011-06-01,0,6,1,12,6,0,0
2011-06-08,0,6,1,13,6,0,0
2011-06-15,1,5,1,15,7,1,0
2011-06-22,1,5,1,15,6,2,0
2011-06-29,1,6,1,15,5,1,0
2011-07-06,2,6,1,16,4,2,0
2011-07-13,2,5,1,14,4,1,0
2011-07-20,2,7,1,16,4,1,0
2011-07-27,1,6,1,16,4,1,0
2011-08-03,2,6,1,17,5,1,0
2011-08-10,2,6,1,16,6,1,0
2011-08-17,2,5,1,16,6,2,0
2011-08-24,2,4,1,15,6,2,0
2011-08-31,1,4,1,17,5,2,0
2011-09-07,0,4,1,18,5,2,0
2011-09-14,0,5,1,18,5,2,0
2011-09-21,0,4,1,17,3,2,0
2011-09-28,0,4,1,16,3,3,0
2011-10-05,0,5,1,16,3,2,0
2011-10-12,0,4,1,17,4,2,0
2011-10-19,0,3,1,17,5,2,0
2011-10-26,0,2,1,16,5,2,0
2011-11-02,0,2,1,15,4,2,0
2011-11-09,0,2,1,14,5,1,0
2011-11-16,0,2,0,15,6,1,0
2011-11-23,0,2,0,15,5,1,0
2011-11-30,0,3,0,13,5,1,0
2011-12-07,0,2,0,14,8,1,0
2011-12-14,0,4,1,13,6,1,0
2011-12-21,1,2,0,12,6,1,0
2011-12-28,1,2,0,12,6,1,0
2012-01-04,1,2,0,12,7,1,0
2012-01-11,1,2,0,12,7,1,0
2012-01-18,2,2,0,13,7,1,0
2012-01-25,1,3,0,12,6,1,0
2012-02-01,1,3,0,12,5,1,0
2012-02-08,1,3,0,12,6,1,0
2012-02-15,1,4,0,13,5,1,0
2012-02-22,0,3,0,12,4,0,0
2012-02-29,0,3,0,11,4,1,0
2012-03-07,0,3,0,12,6,1,0
2012-03-14,1,3,0,12,6,2,0
2012-03-21,0,3,0,13,6,2,0
2012-03-28,1,4,0,13,5,3,0
2012-04-04,1,4,0,13,6,3,0
2012-04-11,1,4,0,12,5,3,0
2012-04-18,1,4,0,13,6,3,0
2012-04-25,1,3,0,13,6,3,0
2012-05-02,1,4,0,14,6,4,0
2012-05-09,1,3,0,15,7,4,0
2012-05-16,2,4,0,14,6,4,0
2012-05-23,2,4,0,14,4,4,0
2012-05-30,2,6,1,14,5,4,0
2012-06-06,2,5,1,14,3,4,0
2012-06-13,3,4,1,15,3,4,0
2012-06-20,3,5,1,14,3,4,0
2012-06-27,3,5,1,14,4,4,0
2012-07-04,3,5,1,14,4,4,0
2012-07-11,2,5,1,14,5,4,0
2012-07-18,0,4,0,12,5,3,0
2012-07-25,0,5,0,14,5,5,0
2012-08-01,1,6,0,13,5,4,0
2012-08-08,0,6,0,13,4,5,0
2012-08-15,0,6,0,12,3,5,0
2012-08-22,0,6,0,13,3,5,0
2012-08-29,0,4,0,13,2,6,0
2012-09-05,0,4,0,14,3,6,0
2012-09-12,0,4,0,14,3,6,0
2012-09-19,1,4,0,14,3,6,0
2012-09-26,0,3,0,14,4,6,0
2012-10-03,1,2,0,14,4,6,0
2012-10-10,0,3,0,15,3,5,0
2012-10-17,0,2,0,15,3,4,0
2012-10-24,1,2,0,13,3,5,0
2012-10-31,2,2,0,15,3,6,0
2012-11-07,0,2,0,13,4,6,0
2012-11-14,1,2,0,13,4,5,0
2012-11-21,1,2,0,12,5,5,0
2012-11-28,1,2,0,12,5,5,0
2012-12-05,1,2,0,12,5,5,0
2012-12-12,1,2,0,10,6,5,0
2012-12-19,1,3,0,10,4,6,0
2012-12-26,1,3,0,11,3,5,0
2013-01-02,0,3,0,12,4,5,0
2013-01-09,1,3,0,12,3,5,0
2013-01-16,0,3,0,13,4,5,0
2013-01-23,0,4,0,12,4,5,0
2013-01-30,0,5,0,12,3,5,0
2013-02-06,0,5,0,12,4,5,0
2013-02-13,1,5,0,12,3,4,0
2013-02-20,1,5,0,12,2,4,0
2013-02-27,1,5,0,12,4,3,0
2013-03-06,1,5,0,13,4,2,0
2013-03-13,1,5,0,13,5,2,0
2013-03-20,1,7,0,14,4,2,0
2013-03-27,0,7,0,14,4,2,0
2013-04-03,0,8,0,14,4,2,0
2013-04-10,0,7,0,16,3,1,0
2013-04-17,1,6,0,14,3,2,0
2013-04-24,3,6,0,13,3,1,0
2013-05-01,2,7,0,13,3,2,0
2013-05-08,2,8,0,14,3,1,0
2013-05-15,2,8,0,13,3,1,0
2013-05-22,3,8,0,13,2,1,0
2013-05-29,2,8,0,13,4,1,0
2013-06-05,3,8,0,12,3,1,0
2013-06-12,3,6,0,10,4,1,0
2013-06-19,3,6,0,12,2,1,0
2013-06-26,2,7,0,11,2,1,0
2013-07-03,3,7,0,12,2,1,0
2013-07-10,2,7,0,12,2,2,0
2013-07-17,1,7,0,11,3,2,0
2013-07-24,1,6,0,12,2,1,0
2013-07-31,1,5,0,12,3,1,0
2013-08-07,1,5,0,13,2,1,0
2013-08-14,1,5,0,12,2,1,0
2013-08-21,1,6,0,12,2,1,0
2013-08-28,2,7,0,11,2,2,0
2013-09-04,1,6,0,12,3,2,0
2013-09-11,0,7,0,13,4,1,0
2013-09-18,1,6,0,12,4,2,0
2013-09-25,1,7,0,12,4,1,0
2013-10-02,1,7,0,10,5,2,0
2013-10-09,1,6,0,11,6,2,0
2013-10-16,1,6,0,11,6,2,0
2013-10-23,1,4,0,12,6,2,0
2013-10-30,1,4,0,10,7,3,0
2013-11-06,0,3,0,7,2,2,0
2013-11-13,0,4,0,10,9,3,0
2013-11-20,0,4,0,10,8,3,0
2013-11-27,0,4,0,11,7,3,0
2013-12-04,0,4,0,13,5,3,0
2013-12-11,0,5,0,12,6,3,0
2013-12-18,0,5,0,11,3,3,0
2013-12-25,0,5,0,11,4,3,0
2014-01-01,0,4,0,13,5,4,0
2014-01-08,0,5,0,13,5,4,0
2014-01-15,0,4,0,14,5,4,0
2014-01-22,0,5,0,14,4,4,0
2014-01-29,0,4,0,13,5,4,0
2014-02-05,0,4,0,12,5,4,0
2014-02-12,0,4,0,12,6,4,0
2014-02-19,0,3,0,11,7,4,0
2014-02-26,0,3,0,11,7,4,0
2014-03-05,0,3,0,11,7,4,0
2014-03-12,0,2,0,11,8,4,0
2014-03-19,0,3,0,11,7,5,0
2014-03-26,0,3,0,11,6,6,0
2014-04-02,0,5,0,11,6,4,0
2014-04-09,0,6,0,10,7,4,0
2014-04-16,0,6,0,11,7,3,0
2014-04-23,3,4,0,8,6,3,0
2014-04-30,2,4,0,9,7,3,0
2014-05-07,2,4,0,11,6,4,0
2014-05-14,1,4,0,12,6,4,0
2014-05-21,1,4,0,13,5,3,0
2014-05-28,0,4,0,10,7,4,0
2014-06-04,1,5,0,9,8,1,0
2014-06-11,1,5,0,11,6,1,0
2014-06-18,2,4,0,11,5,1,0
2014-06-25,1,5,0,12,5,1,0
2014-07-02,0,5,0,13,5,2,0
2014-07-09,0,4,0,13,4,4,0
2014-07-16,0,3,0,12,5,3,0
2014-07-23,1,3,0,12,5,3,0
2014-07-30,1,4,1,11,6,2,0
2014-08-06,1,5,1,11,6,2,0
2014-08-13,0,3,1,13,6,2,0
2014-08-20,0,4,1,14,6,1,0
2014-08-27,1,2,1,13,7,1,0
2014-09-03,0,2,1,14,7,1,0
2014-09-10,0,2,1,14,6,2,0
2014-09-17,1,2,1,14,6,2,0
2014-09-24,1,2,1,14,6,2,0
2014-10-01,0,3,1,15,6,2,0
2014-10-08,1,2,1,15,5,2,0
2014-10-15,1,1,0,16,5,3,0
2014-10-22,1,1,0,16,5,3,0
2014-10-29,0,1,0,15,5,2,0
2014-11-05,0,1,0,15,4,3,0
2014-11-12,0,2,0,13,5,3,0
2014-11-19,0,2,0,13,5,3,0
2014-11-26,0,0,0,12,6,3,0
2014-12-03,0,0,0,12,4,3,0
2014-12-10,0,0,0,11,4,3,0
2014-12-17,0,0,0,12,4,3,0
2014-12-24,0,0,0,14,4,3,0
2014-12-31,0,1,0,14,3,4,0
2015-01-07,0,0,0,14,4,4,0
2015-01-14,0,0,0,15,3,4,0
2015-01-21,0,0,0,13,5,3,0
2015-01-28,0,1,0,15,5,4,0
2015-02-04,0,1,0,16,4,4,0
2015-02-11,0,2,0,17,5,3,0
2015-02-18,0,2,0,17,5,3,0
2015-02-25,0,2,0,17,4,3,0
2015-03-04,0,2,0,18,5,3,0
2015-03-11,0,3,0,15,7,3,0
2015-03-18,0,2,0,16,9,3,0
2015-03-25,0,2,0,16,7,2,0
2015-04-01,0,2,0,16,7,2,0
2015-04-08,1,1,0,15,6,2,0
2015-04-15,0,2,0,17,7,1,0
2015-04-22,0,1,0,17,8,1,0
2015-04-29,0,2,0,17,7,1,0
2015-05-06,1,1,0,14,7,1,0
2015-05-13,0,1,0,14,7,1,0
2015-05-20,0,1,0,14,7,1,0
2015-05-27,0,2,0,15,7,1,0
2015-06-03,0,3,0,14,6,1,0
2015-06-10,0,3,0,11,7,1,0
2015-06-17,0,3,0,12,6,1,0
2015-06-24,0,4,0,11,6,1,0
2015-07-01,0,4,0,12,5,1,0
2015-07-08,0,4,0,12,6,1,0
2015-07-15,0,4,0,11,7,0,0
2015-07-22,0,3,0,11,7,1,0
2015-07-29,0,3,0,11,7,1,0
2015-08-05,0,3,0,11,7,0,0
2015-08-12,0,3,0,11,7,0,0
2015-08-19,0,2,0,12,7,0,0
2015-08-26,0,2,0,11,7,0,0
2015-09-02,0,2,0,12,7,0,0
2015-09-09,0,2,0,12,7,0,0
2015-09-16,0,2,0,11,7,0,0
2015-09-23,0,2,0,11,8,0,0
2015-09-30,0,2,0,11,7,0,0
2015-10-07,0,1,0,10,8,0,0
2015-10-14,0,1,0,11,8,1,0
2015-10-21,0,1,0,10,9,2,0
2015-10-28,0,1,0,11,8,2,0
2015-11-04,0,1,0,14,7,2,0
2015-11-11,0,1,0,14,7,2,0
2015-11-18,0,1,0,15,7,2,0
2015-11-25,1,1,0,14,7,1,0
2015-12-02,0,0,0,15,7,1,0
2015-12-09,0,1,0,14,8,1,0
2015-12-16,0,1,0,14,8,1,0
2015-12-23,0,1,0,13,9,1,0
2015-12-30,0,1,0,13,10,2,0
2016-01-06,0,3,0,9,8,0,0
2016-01-13,0,2,0,9,8,0,0
2016-01-20,0,3,0,9,9,0,0
2016-01-27,0,3,0,9,9,0,0
2016-02-03,0,3,0,8,9,0,0
2016-02-10,0,4,0,11,6,0,0
2016-02-17,0,4,0,12,5,0,0
2016-02-24,0,4,0,11,4,1,0
2016-03-02,0,4,0,12,5,0,0
2016-03-09,0,4,0,11,4,0,0
2016-03-16,0,4,0,9,5,0,0
2016-03-23,0,4,0,11,4,0,0
2016-03-30,0,5,0,13,3,0,0
2016-04-06,0,6,0,14,3,0,0
2016-04-13,0,5,0,13,4,0,0
2016-04-20,0,3,0,13,5,0,0
2016-04-27,0,4,0,13,6,0,0
2016-05-04,0,4,0,11,5,0,0
2016-05-11,0,3,0,9,6,0,0
2016-05-18,1,5,0,11,5,0,0
2016-05-25,1,7,0,13,3,0,0
2016-06-01,0,7,0,13,4,0,0
2016-06-08,0,8,0,14,3,0,0
2016-06-15,0,8,0,14,4,0,0
2016-06-22,1,8,0,13,5,0,0
2016-06-29,1,7,0,12,4,0,0
2016-07-06,1,7,0,12,5,1,0
2016-07-13,1,7,0,13,5,1,0
2016-07-20,1,7,0,12,6,0,0
2016-07-27,1,5,0,13,6,0,0
2016-08-03,1,7,0,13,5,0,0
