Herkunftsland;2005-01;2005-02;2005-03;2005-04;2005-05;2005-06;2005-07;2005-08;2005-09;2005-10;2005-11;2005-12;2006-01;2006-02;2006-03;2006-04;2006-05;2006-06;2006-07;2006-08;2006-09;2006-10;2006-11;2006-12;2007-01;2007-02;2007-03;2007-04;2007-05;2007-06;2007-07;2007-08;2007-09;2007-10;2007-11;2007-12;2008-01;2008-02;2008-03;2008-04;2008-05;2008-06;2008-07;2008-08;2008-09;2008-10;2008-11;2008-12;2009-01;2009-02;2009-03;2009-04;2009-05;2009-06;2009-07;2009-08;2009-09;2009-10;2009-11;2009-12;2010-01;2010-02;2010-03;2010-04;2010-05;2010-06;2010-07;2010-08;2010-09;2010-10;2010-11;2010-12;2011-01;2011-02;2011-03;2011-04;2011-05;2011-06;2011-07;2011-08;2011-09;2011-10;2011-11;2011-12;2012-01;2012-02;2012-03;2012-04;2012-05;2012-06;2012-07;2012-08;2012-09;2012-10;2012-11;2012-12;2013-01;2013-02;2013-03;2013-04;2013-05;2013-06;2013-07;2013-08;2013-09;2013-10;2013-11;2013-12;2014-01;2014-02;2014-03;2014-04;2014-05;2014-06;2014-07;2014-08;2014-09;2014-10;2014-11;2014-12;2015-01;2015-02;2015-03;2015-04;2015-05;2015-06;2015-07;2015-08;2015-09;2015-10;2015-11;2015-12;2016-01;2016-02;2016-03;2016-04
Schweiz;31656;29053;34611;38476;40227;43511;37236;45161;47092;43124;41529;30566;27917;28694;36931;35003;43089;45884;38685;43563;44706;42911;41236;33551;31115;29124;34875;34418;39821;46765;37600;43300;45262;43584;42654;32751;30212;32639;34856;40506;45991;38755;39323;44687;44875;47218;43973;32637;33971;29854;41067;39775;50111;48859;41875;49333;48860;46948;44061;36199;30986;32522;39335;38116;45287;49503;45598;49756;51648;48883;48467;38180;37981;35146;43081;40213;48061;51200;48191;52094;55309;52539;45100;36108;32224;37829;42800;40386;49410;52434;44652;50121;48302;49341;49647;36824;35613;33522;38966;41903;48954;57333;46376;55636;51807;53140;50831;33261;33800;31678;45804;37755;54041;48640;42217;51786;54833;50880;49156;35652;36872;32650;42340;38008;43346;50123;41334;47883;48506;47865;45621;36398;32109;35313;39971;41498
Baltische Staaten;68;34;42;82;72;118;48;113;75;55;156;251;123;17;109;50;51;70;233;127;83;91;49;61;95;65;70;78;94;97;125;117;101;124;141;43;101;37;101;37;104;45;64;172;55;24;78;20;42;50;103;1176;635;82;110;101;73;63;75;306;;;;;;;;;;;;;;;;;;;;;;;;;;;;;;;;;;;;;;;;;;;;;;;;;;;;;;;;;;;;;;;;;;;;;;;;;;;;
Deutschland;8884;9102;10493;11352;12262;13971;14522;17403;14759;15452;13478;8738;9501;10230;12703;12379;15253;14576;15849;18567;17948;16458;13828;10095;11421;11746;14530;13635;16797;16267;17157;18826;17575;17867;14259;11019;11430;12018;14526;15507;17728;14595;17612;20049;17795;17326;13888;11024;10636;10531;14029;13765;14533;14748;14578;16813;14625;15337;12819;10419;9020;10581;13601;12169;14330;14162;13462;16327;15287;14109;12890;9913;10541;10811;13999;12438;15329;14981;14103;15379;15691;13863;12381;9167;9336;10553;12325;11005;12891;14083;14598;15373;14046;14301;13955;9504;9357;10252;12096;11639;14280;13517;13489;14409;12451;13632;11715;8705;9415;9699;12258;10946;13979;12751;12470;15006;13203;13496;11164;8894;9343;9505;10991;10634;12171;12384;10641;12812;12333;12083;11426;8115;8043;9505;10878;9919
Frankreich;2001;1903;2034;2327;2026;2478;2503;3029;2179;3141;2122;2008;1844;2027;2588;2061;2239;2089;2325;2716;2538;2466;2250;1743;1940;2040;1904;2200;2445;2132;2611;2653;2356;2274;2427;1686;2041;1899;2245;2586;2397;2420;2635;3109;2387;2350;1961;1826;1758;2076;2283;2576;2927;2286;2790;3477;2012;2013;2234;1845;1467;1661;1865;2087;2303;2038;2383;3200;2267;2032;2136;2160;2358;1692;1935;2303;2530;2058;3036;3358;2330;2068;2013;1808;1964;2196;2082;2334;2684;1971;2033;2699;2096;2212;2172;1843;1559;1436;1861;2114;2393;2471;2228;2693;1976;2274;2348;1682;1467;1534;1826;2113;2269;2055;2112;3101;1800;2060;1840;2039;1536;1629;2015;2157;2244;1859;2549;2399;1597;2136;1746;1892;1509;2049;1903;1863
Italien;1389;1146;1361;1779;1496;1857;1880;3220;2146;2272;1940;2475;2047;1549;2157;2720;2412;2125;2340;3886;2354;2030;2260;3070;1874;1525;1538;2401;2050;1921;2444;4105;2136;2131;2313;3763;2059;2065;1977;2502;2748;2719;2047;4415;2071;2156;1818;3487;2264;1441;1609;1988;2193;1855;2343;4427;2282;1952;1862;3129;1607;1122;1368;2166;1816;1710;2067;4565;2453;2626;2086;2936;2250;1080;1682;2181;1631;2211;2205;2983;1465;1866;1549;2654;1643;1189;1263;1760;1692;1866;1439;3264;1694;1881;2003;2646;1341;1148;1815;2239;1441;2215;2129;3579;1768;2110;2337;2899;1791;1293;1922;2347;2224;2156;2249;3226;1956;2354;1816;4284;2275;1297;1681;1996;1956;1698;2306;3352;1632;1869;2320;3439;2418;1851;2126;2000
Österreich;1213;892;954;1872;1703;1453;1083;1349;1664;1585;1479;716;1071;1089;1483;1194;1438;1562;1400;1570;2085;1687;1441;929;1160;1205;1672;1215;1464;1553;1743;1651;1793;2205;1358;693;1290;1069;1028;1756;1688;1568;1729;1835;1650;1566;1564;885;1075;917;1193;2169;1712;1666;1554;1911;1446;1256;1458;833;862;989;1350;1226;1781;1659;1570;1969;1559;1797;1378;944;1154;1094;1371;1491;1688;1543;1707;1964;1810;1409;1303;865;1005;1042;1285;1434;1581;1534;1619;1570;1557;1360;1582;979;1203;1312;1485;1495;1666;1412;1659;1435;1650;1393;1529;874;1135;1042;1539;1310;1597;1417;1602;1269;1507;1494;1329;980;1275;991;1209;1141;1069;1339;1209;1275;1349;1277;1532;869;1020;981;1114;1194
Vereinigtes Königreich;1429;1433;1567;1799;1996;3451;3280;3124;2800;1705;2633;1704;1431;2181;2492;2435;3069;3393;3766;3733;3621;2505;1734;1702;1362;1569;2380;1878;2931;3889;4339;4225;3269;2016;1625;2013;1676;1470;1757;1994;2517;2848;3310;3567;2593;1808;1534;1384;1373;1424;1802;1430;1924;2385;3310;2673;2062;1707;1526;1311;1195;1297;1621;1648;1893;2661;2615;3294;2048;1929;1379;1137;1377;1203;1613;1519;1952;2055;3690;2164;1730;1493;1327;1064;1112;1291;1560;2341;1917;2152;2857;3423;2302;1619;1487;1356;1151;1539;1771;2362;1985;2701;2559;2810;2157;1804;1457;1596;1554;1144;1325;1897;2088;2100;3116;2482;2161;1679;1348;1740;1394;3166;1715;1650;1927;2398;3468;2889;2647;2407;1438;1808;1355;1504;1729;1636
Irland;90;37;69;122;143;64;231;64;78;122;53;48;202;69;85;64;206;143;195;108;144;109;79;50;68;127;79;99;128;125;142;133;158;200;124;67;76;109;191;162;166;200;214;126;245;100;122;93;42;116;152;135;138;96;126;197;139;113;72;76;68;65;121;142;229;158;131;115;115;68;95;32;109;58;109;113;137;96;129;102;116;52;63;39;107;117;117;95;132;101;119;117;86;97;68;51;35;112;158;178;190;74;102;234;154;174;47;113;110;84;100;152;145;175;150;101;103;109;94;67;104;92;91;90;130;85;90;107;107;154;184;125;91;130;161;127
Niederlande;1165;1384;1488;1255;849;1145;1607;1629;1296;1009;1159;1130;811;1552;1388;1095;1370;1490;1911;1461;1336;1165;930;981;826;1863;1245;843;1046;1040;2519;1567;1218;960;817;1226;988;1603;1393;1132;1305;9444;2114;2030;1417;1017;1042;1335;1312;1928;1248;1041;1565;1622;2618;2188;1566;1476;1065;1484;900;1625;1258;1306;1669;1584;2166;1876;1254;1237;1271;952;896;1470;1198;868;1622;1400;2046;1677;1309;1081;1134;808;751;1258;996;867;1422;1489;1592;1333;1117;1026;752;909;813;1106;1037;885;1300;1198;1648;1542;1365;1240;963;1293;828;1031;1077;1125;1306;1055;1564;1569;1290;1269;736;975;819;1187;1054;788;1057;871;1377;1289;1125;1099;817;801;715;1330;1054;951
Belgien;497;502;577;578;449;547;685;639;618;582;558;439;394;553;799;646;529;623;782;702;685;594;453;382;435;606;514;561;518;464;864;756;620;461;419;442;488;566;519;623;545;327;564;796;794;456;391;366;389;591;434;496;459;522;675;758;506;445;582;357;289;575;629;653;518;525;769;744;462;399;399;279;422;381;578;473;674;550;702;515;548;370;533;370;291;723;543;373;399;467;764;600;389;463;419;362;346;722;480;533;499;602;878;841;735;616;466;468;580;444;626;395;618;488;726;676;480;426;398;393;322;440;446;411;417;588;672;686;532;488;559;359;353;552;485;401
Luxemburg;73;126;129;125;104;115;241;337;143;145;136;173;86;165;157;79;115;185;117;134;84;51;72;75;55;112;118;166;139;438;198;161;131;95;103;78;75;92;151;144;253;99;84;192;67;78;180;69;61;108;92;81;176;97;143;158;113;56;106;105;69;177;91;111;136;139;134;186;85;97;56;86;125;83;120;85;171;128;113;162;238;100;59;113;52;92;228;113;152;78;90;163;98;41;105;111;154;115;150;100;160;154;165;148;112;126;77;200;80;129;75;129;170;136;139;236;107;92;94;122;101;121;115;156;140;106;139;217;186;89;116;118;154;161;151;103
Dänemark;236;250;210;181;219;258;558;252;258;286;179;137;292;331;319;232;272;293;448;252;439;332;285;172;185;303;294;210;239;230;486;327;346;272;186;112;440;286;390;207;269;171;500;279;464;299;218;137;292;321;311;174;165;219;656;356;273;240;214;124;222;337;320;312;321;691;420;229;296;336;222;167;177;344;540;220;291;306;592;259;329;248;176;165;154;316;195;273;264;330;372;330;229;262;230;164;197;305;225;237;241;341;394;626;321;187;139;70;164;212;211;255;339;190;357;434;203;226;240;170;227;180;257;296;287;205;333;496;439;357;414;190;306;301;246;279
Schweden;361;265;327;347;488;416;416;586;413;400;305;157;356;262;503;368;530;546;632;416;465;468;462;179;199;451;355;468;469;518;673;498;514;673;874;235;406;339;485;496;542;474;620;505;486;371;426;222;423;276;366;1412;2553;494;499;473;501;483;407;320;262;232;426;270;435;435;314;408;342;284;488;155;362;202;293;328;523;433;588;511;377;343;422;238;336;380;611;536;587;769;721;466;507;353;303;243;267;269;322;335;369;445;507;665;331;285;327;149;255;272;347;451;409;380;527;415;310;493;319;166;221;172;254;329;250;309;422;529;583;359;360;150;281;286;317;297
Norwegen;119;99;113;190;127;151;240;146;163;322;105;59;1039;153;194;239;204;158;339;162;224;222;74;142;99;133;171;147;245;317;275;276;435;212;152;59;131;102;153;162;189;228;507;172;185;170;145;65;131;94;182;347;231;169;302;170;98;174;134;57;61;464;194;160;181;212;297;139;336;177;122;74;137;72;110;136;185;183;434;165;200;135;158;63;108;167;140;136;214;245;260;169;188;622;113;286;78;124;139;165;119;259;218;167;184;197;128;66;66;85;105;209;262;173;318;123;328;194;151;126;151;82;104;238;198;186;306;180;236;234;185;122;125;166;110;146
Finnland;129;94;134;149;178;203;174;183;304;372;175;479;157;266;260;217;175;269;227;137;326;223;213;100;113;99;191;228;204;246;234;421;161;181;313;154;232;130;259;202;207;259;360;229;267;391;186;114;104;159;193;211;1095;294;359;262;108;203;209;48;97;300;167;203;330;232;249;154;434;295;187;112;495;114;119;181;282;233;297;137;186;331;186;120;123;187;299;242;198;312;167;212;162;310;116;123;122;113;183;244;156;256;292;183;112;284;241;103;110;95;134;191;208;210;253;241;155;334;119;91;112;98;155;174;131;188;235;278;144;248;140;117;104;257;159;152
Spanien;605;398;906;798;684;921;2016;3977;1394;1254;586;921;478;492;809;941;831;1179;2033;4168;1395;1472;751;913;438;688;1030;1570;1166;1580;3027;6164;1910;1651;1048;932;680;816;1557;972;1420;1097;2650;5163;1656;1330;670;920;606;654;782;943;815;1338;2896;5381;1647;1062;1048;901;597;703;954;1560;1173;1464;2741;5139;1852;1093;842;781;603;603;684;1458;961;1431;2321;3872;1454;1007;720;1032;485;640;757;1355;1207;1047;2102;3699;1118;856;732;910;513;494;1447;1097;1123;1150;2359;3608;1323;1039;1005;856;484;587;796;1621;1217;1549;2777;4741;1303;914;944;992;679;650;1041;1396;1291;1171;2855;4252;1888;986;605;1210;650;642;1910;721
Portugal;169;132;97;126;169;197;192;481;159;320;104;91;103;52;213;183;129;192;589;665;218;441;124;93;132;175;126;264;115;186;452;685;278;591;163;108;199;132;185;205;298;337;442;399;234;260;250;134;115;137;110;89;121;279;509;633;405;237;212;87;325;181;121;213;231;337;516;780;206;195;227;185;98;118;117;223;246;340;501;1079;292;287;103;84;142;174;152;298;208;539;486;593;279;175;109;153;170;226;245;327;514;460;499;541;306;156;106;177;127;209;161;221;196;500;287;646;678;372;142;124;143;223;262;259;267;440;419;669;775;323;178;197;153;402;241;231
Griechenland;213;110;221;135;124;325;210;733;101;126;125;255;281;81;197;426;255;181;465;738;99;145;134;585;330;131;114;295;212;304;853;652;215;166;176;645;311;111;140;339;97;156;273;656;156;107;143;450;266;96;188;225;155;138;421;1015;195;185;196;232;221;122;193;289;261;179;340;542;140;151;149;113;152;131;162;85;161;162;176;226;294;91;95;86;95;117;106;131;138;93;210;285;110;101;75;159;153;86;106;194;169;122;180;308;154;179;187;163;202;111;87;172;177;103;293;192;112;145;135;165;109;82;120;153;95;103;212;185;154;142;132;105;146;109;84;120
Türkei;48;85;68;72;72;80;166;84;164;129;526;43;103;35;183;67;187;99;90;125;123;87;66;52;104;110;156;67;101;163;112;59;227;137;132;123;144;116;148;151;167;290;136;59;240;496;274;191;68;64;94;90;182;105;144;142;206;88;205;106;119;137;102;79;147;241;292;193;173;156;353;86;97;102;107;124;202;89;138;157;421;214;129;115;78;195;106;170;143;159;138;147;230;168;93;87;57;62;123;182;202;170;152;279;188;205;125;56;163;88;118;180;261;242;246;188;95;242;151;141;177;109;156;274;201;329;294;171;294;220;254;134;221;169;113;169
Übriges Europa;153;159;310;350;548;188;99;325;297;421;277;256;267;457;228;214;335;275;463;477;289;231;214;189;238;133;308;318;176;244;201;479;960;408;239;52;430;119;493;281;754;1184;719;1033;869;249;691;421;186;337;625;523;646;479;524;969;832;285;550;202;197;91;184;315;227;429;392;286;351;216;183;88;168;55;117;156;149;100;169;139;292;244;224;140;113;181;349;179;189;134;205;244;4550;243;248;409;394;386;534;791;579;964;809;1129;960;721;765;440;325;258;303;206;189;601;854;856;800;595;477;314;262;271;545;456;696;716;535;523;661;471;484;294;293;354;420;502
Liechtenstein;35;27;83;66;75;102;23;84;52;14;66;73;48;155;129;61;68;52;29;50;39;36;72;44;24;53;53;49;41;79;20;50;31;70;54;35;6;25;30;44;67;55;33;37;89;46;48;41;32;20;61;35;47;33;34;77;43;67;45;42;32;36;58;53;63;70;24;177;64;70;55;39;25;30;40;91;112;36;39;47;48;90;60;79;38;26;63;35;64;73;122;82;40;79;155;59;45;43;59;74;77;80;44;118;41;60;72;57;66;70;125;31;157;42;44;41;84;81;82;34;64;42;44;31;90;72;47;71;103;72;110;55;59;36;31;130
Island;43;15;15;5;6;28;57;52;21;30;16;4;184;25;12;7;83;25;4;15;21;7;15;4;27;14;23;67;9;16;20;40;32;38;11;10;33;30;17;39;16;14;51;39;88;16;10;24;26;34;32;20;21;23;13;27;32;10;12;36;27;29;25;13;15;56;76;107;24;30;17;11;20;20;4;20;42;29;45;72;18;10;13;17;40;8;1;25;14;18;17;14;12;6;13;0;45;8;29;29;23;5;25;5;190;10;30;7;5;12;11;686;46;49;13;8;10;16;20;22;22;7;8;24;11;36;39;50;10;13;32;7;10;5;35;15
Polen;342;266;390;336;285;192;228;234;264;395;217;95;242;131;286;402;481;172;224;310;411;357;302;120;192;325;272;191;295;239;312;382;367;317;530;275;280;362;350;419;449;305;461;501;314;153;301;218;256;177;305;188;268;315;209;277;265;225;302;161;208;178;222;212;225;275;178;337;352;207;539;236;252;265;462;267;350;364;590;469;465;657;336;242;247;272;303;299;436;379;515;540;449;441;337;267;312;252;437;450;500;597;289;406;377;501;509;222;340;404;369;427;498;487;598;656;442;635;486;470;658;522;539;731;663;662;720;665;635;652;657;313;481;502;429;404
Ungarn;162;237;214;355;291;307;231;136;229;307;380;130;81;120;166;165;205;250;196;124;334;186;171;100;76;180;131;133;138;358;397;307;153;535;371;90;239;203;103;138;194;193;243;515;563;287;167;74;152;154;172;129;214;229;172;179;396;177;151;181;56;116;173;221;195;474;219;415;173;221;130;79;228;128;95;115;148;176;273;202;115;121;121;78;80;125;144;133;148;111;152;237;198;235;201;100;172;145;291;226;329;366;410;610;392;383;319;299;179;121;210;184;347;278;361;583;266;253;267;217;129;136;358;273;258;192;286;121;337;188;271;150;120;193;228;198
Weissrussland;21;27;2;5;4;2;6;4;6;9;44;1;0;7;68;22;44;6;140;7;12;35;35;31;2;25;10;21;6;5;29;39;13;37;14;2;269;7;16;11;7;6;3;0;360;29;29;3;5;11;24;22;31;1;7;0;11;12;4;37;13;21;25;22;3;8;15;3;0;29;6;17;28;39;23;76;15;4;143;19;22;41;20;17;10;89;20;16;124;0;27;54;337;11;6;6;215;18;51;11;11;10;22;12;2;10;15;13;133;36;23;11;17;22;26;70;54;17;6;8;39;4;7;20;4;6;16;111;26;7;3;20;14;23;10;8
Bulgarien;35;71;56;212;62;57;106;88;119;74;240;66;78;160;152;66;94;127;282;158;111;103;95;226;64;60;107;264;152;71;138;98;225;81;153;59;169;63;119;203;154;86;122;109;178;144;158;81;62;47;101;61;92;51;116;257;63;54;99;14;131;88;53;43;90;126;97;93;149;88;74;21;86;64;75;131;118;87;109;87;86;85;137;23;60;110;90;73;247;87;123;96;182;72;66;75;69;157;85;141;197;84;130;73;66;68;83;39;105;55;195;127;78;111;64;61;80;149;69;38;68;68;90;36;52;72;125;78;70;108;69;16;68;66;67;76
Malta;;;;;;;;;;;;;;;;;;;;;;;;;;;;;;;;;;;;;;;;;;;;;;;;;;;;;;;;;;;;;0;30;23;0;14;3;51;14;2;24;4;1;2;0;17;4;18;2;4;16;0;7;0;0;3;6;1;1;29;30;7;9;2;4;8;2;3;29;4;4;14;4;30;12;33;3;12;47;28;8;26;3;8;4;7;14;13;6;5;19;21;10;14;38;18;16;27;36;49;9;7;25;2;14;15;2
Zypern;;;;;;;;;;;;;;;;;;;;;;;;;;;;;;;;;;;;;;;;;;;;;;;;;;;;;;;;;;;;;15;66;2;4;5;85;23;41;0;22;9;12;16;20;0;11;18;54;32;28;10;58;8;5;20;50;4;9;13;9;8;33;4;7;0;10;6;20;2;35;14;3;8;18;9;0;4;24;16;3;0;16;11;9;66;59;28;25;13;60;3;0;9;7;36;16;6;19;6;4;24;1;11;6;0;6
Chile;27;57;11;21;50;62;13;21;22;53;21;2;25;31;54;42;72;41;110;39;22;65;13;7;13;17;28;27;69;44;243;48;20;18;11;13;24;46;41;28;40;15;122;80;33;30;18;11;38;31;20;23;21;65;44;36;51;18;14;25;12;26;29;68;23;91;82;27;41;27;12;18;13;8;131;13;32;76;86;22;81;53;16;2;21;49;36;14;49;56;25;37;82;22;22;27;22;73;18;28;36;110;46;35;137;24;36;35;23;41;49;34;48;33;38;31;102;91;16;50;31;82;59;59;97;69;48;39;42;63;18;31;46;64;50;97
Vereinigte Staaten von Amerika;1882;1261;1973;2541;4297;5936;4627;4592;4400;3780;1755;1965;1513;1358;2467;3051;4536;5360;4569;4310;4879;3799;1985;2769;1757;1700;2319;3333;3671;4701;4994;5226;5206;3373;1994;2589;1762;1583;2530;3474;4631;3428;4412;5082;4453;3565;1875;2411;1395;1288;2203;3004;3302;4490;4847;4565;3962;2516;1646;2152;1510;1423;2021;2436;3572;4518;4449;5194;4840;2915;1601;1956;1143;1244;1718;1639;3506;4065;4785;3705;4268;2732;1275;1943;893;1743;1843;2392;3266;3593;4164;4621;4917;2997;1949;2078;1605;1521;2545;3041;3433;4225;4128;4480;4263;2968;1773;1829;1554;1785;1888;2654;3922;4809;4784;4966;4653;3123;2046;2075;1880;1723;2589;2978;4263;5354;5628;5754;5852;3960;2267;2379;1818;1901;2139;3932
Kanada;277;218;250;241;524;632;706;520;526;593;382;156;277;314;323;349;707;735;800;613;601;709;360;480;353;312;366;486;755;718;824;621;610;503;366;200;274;264;407;529;911;700;1007;676;719;687;289;187;191;257;444;381;1014;697;687;594;614;549;396;257;177;284;287;496;742;987;875;699;852;504;419;189;194;271;269;547;931;595;1167;594;610;514;348;243;262;444;338;384;674;651;733;649;679;680;375;202;159;301;473;592;724;634;763;725;861;508;255;184;207;148;345;483;715;710;817;542;700;486;258;195;176;893;2001;826;565;536;873;600;909;591;359;226;274;319;306;336
Mexiko;;;;;;;;;;;;;;;;;;;;;;;;;;;;;;;;;;;;;;;;;;;;;;;;;;;;;;;;;;;;;;;;;;;;;;;;;28;22;54;125;107;151;307;181;136;83;62;96;82;61;142;202;155;180;199;111;131;138;69;90;38;92;109;129;171;187;382;226;178;194;73;155;40;41;199;188;239;184;386;232;156;117;117;133;125;87;136;173;190;139;276;329;174;117;219;223;185;95;167;113
Brasilien;236;226;101;241;234;179;133;113;210;142;135;190;211;166;150;209;302;201;300;165;190;266;165;163;276;182;201;261;255;325;528;372;533;708;245;262;345;224;183;271;392;161;445;268;445;547;279;313;429;240;132;189;272;282;530;222;436;448;253;258;265;269;236;492;464;411;401;375;460;556;276;258;388;187;286;436;540;481;801;433;593;560;202;334;517;395;244;630;614;487;668;467;716;530;307;656;503;406;452;723;865;682;873;504;832;937;343;508;757;363;539;904;882;710;1106;752;1117;938;375;905;1290;619;421;1004;913;1038;974;693;925;927;375;711;650;307;391;701
Argentinien;82;45;20;53;33;43;71;45;51;109;19;10;73;71;72;89;93;138;113;116;168;93;30;24;115;32;56;63;98;81;88;90;88;63;62;46;111;45;89;36;124;106;116;90;92;92;49;25;38;51;40;55;60;84;181;72;67;53;94;28;44;35;60;89;145;58;92;32;147;121;65;14;50;70;66;100;232;170;233;141;231;145;43;15;55;362;123;167;113;198;151;151;148;136;35;46;111;121;90;212;190;185;186;133;173;162;106;27;121;104;92;250;283;186;241;136;188;139;133;20;108;94;120;207;210;180;201;141;214;248;175;109;100;143;102;147
Zentralamerika, Karibik;256;60;147;171;263;233;308;239;209;287;122;133;113;44;205;186;282;290;614;262;149;400;147;201;122;39;108;284;278;360;444;208;221;269;212;146;215;133;131;118;175;206;394;190;324;238;332;212;56;71;125;136;156;174;229;142;168;218;219;80;108;77;102;204;145;301;383;218;262;160;161;137;;;;;;;;;;;;;;;;;;;;;;;;;;;;;;;;;;;;;;;;;;;;;0;0;0;0;;;;;;;;;;;;;;;;
Übriges Südamerika;144;86;99;136;92;147;135;208;176;126;130;85;56;45;75;64;134;128;176;159;125;192;40;98;59;52;57;161;86;84;217;148;112;160;126;82;128;144;113;160;97;157;149;132;161;136;82;55;91;100;116;78;80;158;129;142;99;101;85;66;107;69;101;206;79;207;193;216;257;111;113;157;75;74;88;111;171;124;146;206;180;239;78;54;72;148;75;98;129;130;113;177;154;177;79;75;69;158;91;196;150;171;203;173;191;95;109;84;94;78;121;242;184;171;210;182;312;120;112;123;111;71;188;230;116;122;234;95;212;182;100;48;45;101;83;141
Übriges Zentralamerika, Karibik;;;;;;;;;;;;;;;;;;;;;;;;;;;;;;;;;;;;;;;;;;;;;;;;;;;;;;;;;;;;;;;;;;;;;;;;;33;34;95;59;80;87;89;60;74;101;56;54;44;112;101;64;83;83;127;91;54;64;29;61;82;87;30;211;51;70;80;87;66;81;40;36;27;51;27;83;77;105;92;81;68;79;108;68;56;37;73;118;59;113;183;128;123;218;125;59;43;160;74;67
Aegypten;47;51;72;135;60;49;22;23;12;31;91;97;86;6;62;81;3;33;62;134;75;122;37;29;55;90;25;101;20;138;65;72;36;61;76;24;102;24;31;4;62;40;91;50;52;63;100;16;13;50;146;63;26;55;73;49;92;111;107;54;55;5;13;96;28;45;37;5;57;61;93;4;19;3;8;29;148;30;33;40;27;63;112;22;23;45;30;30;33;61;40;48;4;20;39;44;8;41;78;102;63;36;25;17;25;41;21;49;90;43;32;66;60;7;6;97;73;81;57;18;86;32;18;78;45;117;22;166;100;90;38;6;46;81;32;31
Übriges Nordafrika;622;309;338;386;432;475;734;481;482;375;537;500;285;319;764;408;410;397;99;306;235;330;425;324;216;197;149;282;366;643;474;284;231;124;315;254;305;349;301;211;171;149;246;65;163;179;234;27;35;42;248;105;70;44;204;138;30;119;118;85;34;24;95;178;200;223;244;252;72;79;88;34;69;67;93;70;105;44;86;31;58;330;99;18;90;65;164;215;53;74;58;70;263;165;68;56;34;97;32;347;221;90;65;57;121;103;125;160;34;133;133;159;144;57;13;33;105;136;51;45;34;119;84;164;65;62;82;44;44;126;73;92;47;159;68;56
Südafrika, Republik;110;60;25;37;77;132;83;49;123;202;54;68;88;54;78;92;136;84;107;86;70;177;56;79;130;125;112;107;56;48;221;170;128;137;93;71;243;46;94;78;80;108;116;103;136;228;65;89;71;66;113;94;67;105;101;46;126;68;62;54;63;37;35;181;72;88;58;102;116;122;72;96;27;38;136;83;85;142;124;65;136;229;134;40;37;136;154;36;41;115;27;120;91;65;72;93;72;111;100;233;129;138;63;81;199;130;154;144;59;68;84;85;57;60;65;90;79;73;181;133;66;65;126;123;42;128;142;70;57;146;185;138;136;217;65;136
Übriges Afrika;389;131;182;234;216;208;208;302;276;637;172;149;91;134;484;561;268;228;243;236;163;943;281;160;73;174;207;801;399;176;157;197;165;548;624;196;519;499;168;161;177;101;259;166;371;340;573;171;137;155;717;166;146;287;131;191;136;246;677;156;142;107;147;810;188;164;157;211;110;317;596;91;26;53;223;293;631;113;132;196;137;750;555;278;69;808;259;86;28;111;129;307;235;86;96;131;198;221;215;1161;280;241;83;142;177;301;681;104;170;140;399;635;209;210;164;152;95;376;779;64;117;71;183;829;164;111;549;128;249;402;645;79;61;738;151;90
Bahrain;;;;;;;;;;;;;;;;;;;;;;;;;;;;;;;;;;;;;;;;;;;;;;;;;;;;;;;;;;;;;;;;;;;;;;;;;0;3;22;12;10;3;71;0;9;5;14;3;2;0;2;12;0;2;4;14;2;9;1;0;1;12;2;104;7;34;4;65;10;2;0;12;2;2;2;10;6;0;10;33;0;0;8;2;0;0;5;13;30;0;68;76;4;4;0;4;9;0;13;12
Israel;201;141;143;206;141;185;295;522;266;186;170;129;149;182;294;282;310;240;302;318;279;290;196;157;253;280;243;238;173;339;406;322;323;224;218;116;172;222;354;192;182;152;305;331;355;200;271;76;124;265;284;162;128;374;250;357;250;403;272;132;184;209;264;264;330;359;553;542;362;359;263;301;242;310;333;176;341;298;491;616;458;282;212;120;160;230;169;169;269;299;416;366;234;227;88;101;73;148;398;208;150;273;401;434;249;152;196;129;198;194;219;217;267;297;379;670;291;411;184;113;117;176;210;198;217;352;580;293;233;304;247;159;150;298;155;208
Indien;156;98;133;214;565;411;386;194;389;249;262;137;178;296;196;377;589;434;386;279;406;285;178;157;66;292;537;754;1499;1783;600;830;677;401;1115;507;208;1632;1732;275;576;407;410;854;1465;371;322;212;214;134;162;193;193;600;606;411;197;192;111;135;164;136;210;252;562;513;511;354;337;281;185;203;156;229;341;376;1028;696;496;259;412;609;174;149;96;152;305;215;1050;568;345;413;305;281;408;179;127;428;221;331;505;636;453;399;334;335;340;62;100;108;187;185;536;769;858;725;462;331;131;147;166;274;339;256;581;646;560;454;299;224;274;170;155;97;263;245
Japan;448;493;567;722;1039;2188;2765;3026;1499;982;464;430;310;526;705;574;1058;1868;2966;2479;1954;1565;646;703;380;362;585;947;956;2154;4354;3071;1723;1184;628;713;530;432;611;860;716;1140;2950;2145;1594;715;640;733;434;365;648;605;664;1070;2327;2085;1789;1030;592;629;235;337;587;477;938;1535;2766;2829;1801;1317;894;792;640;459;524;847;1173;2111;2525;2959;1829;1396;496;604;304;490;718;681;881;1602;1629;2023;1224;737;471;555;246;511;819;959;930;1265;2752;2376;1209;723;620;837;396;568;799;578;1113;2440;2577;3071;1404;3741;522;949;667;522;955;658;1646;1794;4221;2167;1791;957;660;489;381;500;805;494
Übriges Süd- und Ostasien;321;237;381;226;650;496;683;842;601;548;151;99;107;135;197;212;683;662;327;242;558;587;461;183;93;137;202;325;324;430;1117;842;356;548;239;176;235;209;207;118;627;178;559;357;328;258;173;135;136;175;215;144;189;202;265;404;155;182;327;123;79;56;343;273;337;234;464;394;581;287;196;134;79;178;339;161;344;351;483;341;372;813;212;113;156;171;263;174;217;204;298;414;345;511;165;131;116;155;201;202;311;381;541;406;374;201;161;109;153;290;339;316;305;252;228;495;541;319;164;204;149;136;434;347;291;448;460;446;412;329;466;135;138;367;329;200
Katar;;;;;;;;;;;;;;;;;;;;;;;;;;;;;;;;;;;;;;;;;;;;;;;;;;;;;;;;;;;;;;;;;;;;;;;;;0;0;8;0;24;25;78;0;17;48;26;8;1;50;9;8;40;41;36;41;9;24;2;32;3;3;15;60;9;55;42;317;121;59;90;19;50;29;14;135;57;53;48;785;197;110;100;38;121;34;108;150;153;66;256;296;46;97;180;64;51;55;6;17
Kuwait;;;;;;;;;;;;;;;;;;;;;;;;;;;;;;;;;;;;;;;;;;;;;;;;;;;;;;;;;;;;;;;;;;;;;;;;;0;12;8;42;33;50;116;11;45;93;24;30;1;38;14;16;10;31;34;65;11;12;20;3;27;9;16;35;15;49;72;494;315;306;41;7;3;12;30;115;47;59;20;475;17;36;55;22;3;2;24;33;28;16;323;552;99;72;101;27;11;85;24;11
Australien;;;;;;;;;;;;;;;;;;;;;;;;;;;;;;;;;;;;;;;;;;;;;;;;;;;;;;;;;;;;;476;235;258;695;592;742;746;688;912;545;321;495;515;166;193;330;643;868;1416;604;963;572;322;373;485;271;296;421;739;837;791;516;988;492;294;507;477;176;289;528;633;625;827;583;1089;327;235;523;392;165;113;365;568;632;889;808;924;691;252;649;465;199;654;459;677;699;945;575;918;572;268;487;432;278;225;341
Australien, Neuseeland, Ozeanien;386;183;261;373;527;736;599;769;666;641;326;397;436;327;445;507;694;873;908;656;934;781;358;432;627;208;287;528;655;784;1073;837;1071;963;494;513;626;244;399;603;624;726;915;733;1214;938;329;636;571;245;348;445;463;772;806;662;1011;832;441;647;;;;;;;;;;;;;;;;;;;;;;;;;;;;;;;;;;;;;;;;;;;;;;;;;;;;;;;;;;;;;;;;;;;;;;;;;;;;
China;442;231;231;492;394;463;833;676;596;623;516;392;317;410;457;410;571;620;855;426;543;575;578;568;203;305;326;586;642;660;782;672;497;303;453;339;419;291;242;576;377;379;436;408;450;470;734;482;482;371;670;341;378;540;606;582;576;1113;565;549;465;617;546;770;1010;1057;1768;1615;1367;1410;739;905;354;439;773;856;1258;1954;3113;2505;1765;1511;962;1078;848;515;958;1190;1908;2142;3469;4061;2046;2283;804;889;423;952;1074;1510;1953;2174;5085;4451;3061;2101;1037;1148;929;959;1110;1633;1669;2297;5431;6593;2243;2188;1645;1297;757;1794;1344;1638;2514;3318;8377;9239;3644;3630;1469;998;910;1575;1244;1532
Golf-Staaten;109;62;67;68;98;104;325;530;183;550;95;27;95;19;131;476;452;118;390;479;150;181;248;216;86;120;122;215;197;265;522;658;231;262;335;241;247;227;119;179;160;293;528;806;403;193;246;144;180;181;436;446;191;243;632;845;216;526;272;126;126;178;287;370;379;593;587;347;318;281;210;150;;;;;;;;;;;;;;;;;;;;;;;;;;;;;;;;;;;;;;;;;;;;;;;;;;;;;;;;;;;;;;;;
Hongkong;55;56;7;39;68;105;58;120;9;38;12;36;24;29;62;79;24;84;108;63;64;34;26;35;30;52;10;117;38;101;134;129;29;70;40;106;49;50;87;109;74;76;164;115;66;40;68;100;65;77;60;48;54;106;92;75;60;126;83;68;35;82;47;76;94;125;132;99;109;110;57;44;25;85;83;97;187;249;189;542;164;83;105;60;86;33;145;97;131;247;198;227;116;89;42;65;52;117;97;152;166;317;301;230;179;272;56;85;103;89;114;201;196;473;376;429;309;134;106;161;72;176;205;350;421;479;515;634;564;362;158;288;78;263;273;209
Indonesien;128;6;32;58;26;37;69;38;31;39;20;15;6;69;21;14;47;76;127;19;8;84;87;42;13;0;8;45;61;20;22;26;15;102;119;127;69;231;36;48;21;37;10;17;38;22;66;31;7;6;39;24;42;41;19;41;8;33;98;45;9;11;122;121;54;26;18;37;85;42;95;63;20;40;36;14;117;19;22;54;81;146;31;59;28;48;64;45;69;71;52;74;89;92;88;51;20;62;27;63;26;85;185;148;144;55;91;199;90;30;134;101;85;138;183;160;51;67;114;242;27;27;121;98;100;64;264;60;90;108;97;127;139;11;91;183
Korea, Republik;134;210;69;120;102;210;861;1037;675;888;425;134;130;260;283;404;664;409;1146;982;861;444;346;361;421;272;349;528;557;270;1286;751;407;587;381;561;446;375;204;327;212;225;947;802;329;298;145;194;131;97;190;170;118;229;626;656;278;167;136;173;249;150;264;280;496;376;794;787;496;468;288;175;358;151;185;381;489;760;1156;710;437;388;145;166;264;223;176;458;377;391;1100;897;569;267;169;279;340;157;85;224;344;488;1100;966;691;487;283;509;2229;356;331;459;669;604;1802;1590;600;699;302;517;816;402;280;340;826;981;2605;2155;907;1052;589;438;830;638;388;606
Malaysia;55;29;27;78;55;79;20;45;84;121;25;17;52;30;73;73;40;105;53;23;72;91;69;36;30;15;21;115;45;55;40;80;59;70;154;127;120;59;32;22;57;64;110;166;62;58;55;179;66;17;84;33;38;44;55;24;44;27;181;58;62;81;83;166;87;77;139;93;161;138;95;75;32;24;57;78;185;179;171;159;174;95;84;48;36;100;135;56;107;135;54;37;121;35;35;93;148;65;106;128;93;128;138;97;125;135;119;90;29;75;169;118;216;171;196;82;104;198;104;325;41;42;167;309;109;312;141;80;289;255;223;342;26;138;94;151
Philippinen;19;5;4;86;17;4;23;37;27;17;31;5;7;0;29;0;26;37;10;16;44;15;31;0;34;36;26;90;18;4;38;22;33;21;49;4;15;16;28;71;29;53;5;25;23;41;29;8;10;2;9;2;12;24;17;8;2;6;11;17;0;23;13;16;40;57;54;84;46;30;16;35;7;22;54;12;57;34;9;25;40;70;35;71;20;41;71;48;117;28;21;1;8;63;37;22;1;28;18;66;185;41;15;39;54;9;11;27;9;13;81;169;77;23;69;6;32;64;62;22;14;7;33;250;331;59;32;99;130;151;118;59;25;36;132;68
Neuseeland, Ozeanien;;;;;;;;;;;;;;;;;;;;;;;;;;;;;;;;;;;;;;;;;;;;;;;;;;;;;;;;;;;;;90;49;57;77;66;82;85;105;117;110;42;39;64;37;17;47;122;107;261;125;119;59;56;42;28;53;17;42;38;167;122;56;148;83;21;45;42;14;29;54;50;104;121;96;98;80;11;16;45;8;37;100;38;111;116;86;106;77;23;42;37;38;49;89;77;130;101;125;148;68;33;82;60;80;52;10
Singapur;76;59;30;100;115;129;67;58;85;88;48;125;2;35;56;60;129;176;50;53;68;89;55;135;37;37;58;110;77;111;68;73;106;81;102;181;85;45;73;113;97;94;82;70;192;66;113;176;23;24;74;53;122;172;102;84;75;140;101;162;77;70;88;85;109;303;151;148;137;69;101;169;51;39;146;133;252;267;183;153;130;145;91;172;50;41;108;142;241;263;151;177;214;143;118;269;60;110;153;117;224;348;106;389;233;259;231;282;104;137;129;297;401;418;148;215;251;188;159;617;124;77;129;176;162;372;220;245;271;214;208;309;77;219;104;149
Oman;;;;;;;;;;;;;;;;;;;;;;;;;;;;;;;;;;;;;;;;;;;;;;;;;;;;;;;;;;;;;;;;;;;;;;;;;5;4;9;12;11;14;7;12;7;32;32;4;1;18;1;1;0;15;44;8;11;5;0;14;1;4;98;35;22;14;17;11;5;0;0;2;0;0;11;54;21;20;30;103;19;41;31;0;4;0;0;44;9;4;162;154;7;49;41;0;0;32;4;9
Taiwan;47;63;26;243;167;282;182;259;190;70;80;27;70;30;104;300;148;211;457;359;231;196;85;143;96;220;151;206;221;247;423;278;235;249;179;252;60;71;185;27;93;131;277;348;100;149;298;113;180;39;123;258;127;155;218;234;203;278;133;45;69;35;133;396;321;273;409;387;526;246;123;125;126;178;315;309;519;687;1170;828;635;336;155;181;337;166;143;501;530;530;1115;936;634;509;276;205;123;271;212;375;330;386;927;685;812;556;151;165;199;287;351;284;675;1316;1583;1221;1314;1343;364;326;173;492;567;392;1008;1398;1680;1099;1356;948;542;629;199;599;542;677
Thailand;110;55;254;443;159;130;105;116;200;162;108;81;43;325;137;453;183;169;89;75;252;178;80;29;26;61;76;299;161;126;84;119;101;120;98;57;97;71;215;145;149;85;122;136;206;103;71;57;28;37;79;160;109;54;99;114;139;177;81;87;34;48;126;311;147;170;113;109;120;183;70;50;129;44;94;363;207;156;113;89;67;292;75;193;36;83;187;425;266;205;249;175;189;284;221;270;58;133;237;391;507;255;287;274;357;415;317;373;246;218;905;1253;483;467;484;210;424;467;237;725;255;51;344;1013;651;414;468;431;262;700;156;467;140;202;388;1357
Übriges Westasien;102;73;94;51;88;48;30;84;51;116;37;35;20;17;94;100;86;82;172;101;183;166;155;36;29;90;42;109;89;53;51;148;229;263;118;112;63;62;53;85;135;77;185;150;94;80;246;22;52;84;111;77;50;40;94;79;152;305;126;19;81;31;52;106;123;197;246;233;99;54;129;35;53;72;101;45;230;39;89;153;117;283;42;37;42;69;110;62;113;146;118;232;249;179;134;79;72;82;78;264;233;295;420;553;332;265;317;133;57;29;164;98;171;185;63;406;63;277;105;97;88;92;273;88;115;102;245;340;110;131;63;312;71;110;197;89
Estland;;;;;;;;;;;;;;;;;;;;;;;;;;;;;;;;;;;;;;;;;;;;;;;;;;;;;;;;;;;;;6;10;11;26;11;0;11;18;15;9;19;1;92;11;38;13;21;57;36;41;35;18;18;9;38;32;9;15;629;12;7;13;25;20;7;16;137;88;7;36;54;45;112;17;33;47;6;30;11;11;17;12;19;93;51;11;21;15;10;5;17;4;69;19;26;38;16;53;27;79;73;10;64;31;50;29
Lettland;;;;;;;;;;;;;;;;;;;;;;;;;;;;;;;;;;;;;;;;;;;;;;;;;;;;;;;;;;;;;50;6;20;21;12;25;4;2;10;25;5;2;9;12;9;4;19;27;24;51;11;6;8;2;10;9;25;28;22;16;48;29;51;28;60;2;50;10;40;116;169;36;10;85;43;49;48;32;26;29;14;28;58;10;47;63;22;21;13;21;17;8;37;18;23;14;17;8;37;38;38;11;30;32;51;12
Litauen;;;;;;;;;;;;;;;;;;;;;;;;;;;;;;;;;;;;;;;;;;;;;;;;;;;;;;;;;;;;;6;9;15;12;14;16;6;14;13;5;18;10;46;7;11;18;25;56;41;12;23;26;23;15;17;26;22;40;16;22;23;63;18;22;21;13;94;34;21;62;39;31;39;18;13;18;68;18;29;10;12;47;33;55;21;35;20;48;18;22;18;27;22;32;18;28;31;28;30;54;17;22;44;28;69;14
Saudi Arabien;;;;;;;;;;;;;;;;;;;;;;;;;;;;;;;;;;;;;;;;;;;;;;;;;;;;;;;;;;;;;;;;;;;;;;;;;22;5;80;33;78;75;249;80;72;112;79;22;11;34;70;168;81;241;241;207;154;102;32;20;94;102;89;77;81;222;73;399;181;265;202;163;17;39;126;86;93;182;94;971;150;166;49;43;82;49;163;209;235;152;823;1113;421;142;87;86;75;112;121;107
Vereinigte Arabische Emirate;;;;;;;;;;;;;;;;;;;;;;;;;;;;;;;;;;;;;;;;;;;;;;;;;;;;;;;;;;;;;;;;;;;;;;;;;16;87;79;95;127;69;254;62;112;139;205;215;137;308;116;99;166;273;184;352;103;127;92;81;40;56;125;395;132;195;121;669;149;78;102;47;46;33;61;267;144;145;131;1232;169;169;133;105;62;73;158;249;120;137;948;1416;227;181;116;126;113;168;191;113
Serbien und Montenegro;106;71;153;191;91;56;111;94;127;97;95;85;43;76;123;103;136;82;68;96;108;62;156;63;79;120;151;63;80;52;78;92;68;97;104;86;246;85;108;67;43;32;48;50;132;115;63;59;59;54;66;35;55;57;30;27;49;42;112;105;;;;;;;;;;;;;;;;;;;;;;;;;;;;;;;;;;;;;;;;;;;;;;;;;;;;;;;;;;;;;;;;;;;;;;;;;;;;
Kroatien;47;52;72;38;73;66;88;111;78;97;31;69;44;42;90;42;56;182;24;63;62;72;60;28;108;37;72;102;87;103;54;72;128;51;44;56;25;56;74;91;66;33;86;93;56;70;51;37;89;26;41;83;90;77;19;43;51;107;120;53;36;25;66;33;80;132;117;123;207;90;102;52;68;60;73;103;119;84;84;128;150;106;82;51;118;177;121;97;117;84;121;89;86;92;59;71;87;68;83;74;113;105;86;63;110;67;95;21;64;59;83;48;61;81;83;80;36;44;33;28;41;53;56;23;77;55;58;45;89;69;81;35;17;87;44;27
Rumänien;198;74;258;169;165;78;547;600;255;220;87;82;63;54;186;103;116;311;321;707;196;247;276;558;93;158;176;147;175;188;270;950;239;163;156;277;138;147;132;139;137;702;729;851;398;206;220;124;161;83;142;87;179;130;461;880;169;118;124;136;98;142;103;77;83;751;293;347;163;117;163;190;123;120;152;161;170;170;185;352;241;186;95;45;131;146;162;176;218;355;257;304;299;147;151;73;189;175;159;227;328;206;173;215;187;221;197;119;95;103;204;146;113;220;227;328;273;215;165;208;224;169;251;127;334;343;275;274;184;206;264;144;169;129;188;125
Russland;918;336;769;549;1120;444;936;1235;696;780;818;598;737;404;575;961;1072;707;973;1160;925;1211;618;699;896;490;894;1034;952;664;1112;807;632;631;656;619;1085;337;582;942;1096;645;1289;943;1258;834;843;675;1044;558;709;922;5226;740;1248;1296;2238;767;684;817;951;432;539;1052;960;1153;1443;1298;1104;857;807;687;1222;1411;631;798;1034;1140;1121;1451;827;790;651;632;1377;536;1074;1684;1535;1654;1533;1225;1008;796;816;1207;1087;802;1173;1427;1725;1480;2550;1613;1277;1176;1040;853;1328;474;953;1549;1275;1489;1334;1299;1105;1117;826;919;842;408;928;552;695;644;813;755;531;679;556;416;789;452;621;376
Slovakei;81;62;94;74;70;62;60;45;70;87;48;60;226;53;83;118;25;47;98;186;60;90;143;180;86;38;91;103;108;88;127;216;218;115;91;77;72;67;131;96;46;77;74;112;114;93;124;60;163;113;84;89;369;179;128;124;92;78;120;97;143;161;134;171;190;133;91;226;62;63;100;56;117;159;98;83;170;247;119;180;116;121;97;45;127;148;165;176;250;79;205;177;142;217;188;195;173;140;301;289;136;166;204;164;147;184;130;116;246;189;340;274;147;148;193;245;194;192;249;229;195;232;198;159;303;134;173;154;133;154;243;103;103;217;221;235
Slowenien;44;64;23;29;68;59;41;57;17;90;155;136;38;23;90;39;48;24;30;33;65;182;36;27;27;54;56;37;132;59;91;65;55;66;55;17;35;54;56;81;108;20;79;94;121;82;47;4;16;37;30;127;121;48;104;73;52;53;40;61;11;18;49;74;74;100;67;77;103;49;112;45;56;40;97;234;105;139;31;64;76;82;24;6;38;25;88;60;60;149;52;112;206;101;96;10;169;39;44;32;138;171;94;43;78;247;29;27;190;122;50;33;34;59;41;73;84;72;92;24;72;73;48;36;70;95;81;90;190;83;37;56;32;53;82;96
Tschechische Republik;221;94;178;152;257;279;191;322;166;182;309;93;303;189;332;227;312;305;181;262;271;357;292;173;121;321;244;220;299;239;281;431;342;227;251;112;109;242;248;144;430;242;445;411;261;373;365;137;274;156;187;190;700;410;316;422;472;109;247;81;184;152;232;236;428;263;529;720;377;193;207;123;319;248;302;247;377;370;625;445;595;357;276;90;295;355;491;513;784;766;291;808;452;398;439;185;365;248;297;247;478;590;741;637;740;166;281;143;222;120;248;240;464;320;356;552;313;291;344;360;194;212;304;309;242;461;328;230;347;202;306;124;173;207;258;198
Ukraine;108;100;108;23;103;60;67;285;69;149;197;28;47;35;100;64;132;67;112;72;118;185;54;66;41;53;70;100;40;43;106;142;41;147;126;83;222;149;86;101;101;83;83;90;119;155;148;63;160;132;113;67;315;143;126;145;96;144;105;496;51;48;23;63;105;279;151;82;134;105;106;56;156;116;110;89;173;76;106;66;65;125;144;27;107;115;98;57;69;53;326;160;136;80;76;116;82;90;72;175;163;121;104;155;130;155;353;594;78;59;122;106;76;123;115;111;78;95;94;55;57;36;90;114;63;98;52;165;105;157;96;71;66;88;87;88
Serbien;;;;;;;;;;;;;;;;;;;;;;;;;;;;;;;;;;;;;;;;;;;;;;;;;;;;;;;;;;;;;51;68;41;100;42;60;30;17;72;31;57;39;51;57;137;115;91;73;139;61;74;49;44;29;33;96;82;95;142;308;36;67;51;44;72;57;48;67;77;74;111;111;54;164;77;57;51;20;81;45;49;47;19;65;41;30;101;27;88;65;31;69;60;13;172;56;43;213;136;147;93;53;38;133;189;128
